33.88966539754,130.70940991822,33.8896095231304,130.709197179065
2021/01/30,07:40:38.400,33.889665177,130.709409869,62.0347,1,20,0,-234.2692879994294,0.024968165203674245,1.0811806787235552,46.85385759988588
2021/01/30,07:40:38.600,33.889665181,130.709409872,62.0335,1,20,0,-234.08768006189914,0.024480586228267077,1.0890020878659659,46.817536012379826
2021/01/30,07:40:38.800,33.889665189,130.709409868,62.0302,1,20,0,-214.76421031948388,0.023673875012112634,1.067063196752413,42.952842063896775
2021/01/30,07:40:39.000,33.889665189,130.709409851,62.0328,1,20,0,-188.33839628712863,0.02403124361859085,1.0029171486602888,37.667679257425725
2021/01/30,07:40:39.200,33.889665188,130.709409852,62.0369,1,20,0,-191.05231073322875,0.024115183058307194,1.0078120270463575,38.21046214664575
2021/01/30,07:40:39.400,33.889665177,130.709409842,62.0324,1,20,0,-192.46588065335143,0.025540761073993546,0.9849795191364326,38.493176130670285
2021/01/30,07:40:39.600,33.889665169,130.709409846,62.0348,1,20,0,-208.3821640914617,0.026301717974432804,1.0078272993624953,41.67643281829234
2021/01/30,07:40:39.800,33.889665169,130.709409864,62.0388,1,20,0,-236.82365660528882,0.025929632628959438,1.0699160760591382,47.36473132105776
2021/01/30,07:40:40.000,33.889665176,130.709409864,62.0350,1,20,0,-226.61521503846376,0.025165531865867875,1.063932823353294,45.32304300769275
2021/01/30,07:40:40.200,33.889665177,130.709409870,62.0350,1,20,0,-236.18113967396997,0.024951497429523555,1.0848221766704622,47.236227934793995
2021/01/30,07:40:40.400,33.889665175,130.709409862,62.0356,1,20,0,-224.59842196925274,0.025311918322947283,1.0576530188978337,44.919684393850545
2021/01/30,07:40:40.600,33.889665171,130.709409872,62.0336,1,20,0,-249.16556287572257,0.025577445326658087,1.096595457869695,49.83311257514451
2021/01/30,07:40:40.800,33.889665184,130.709409878,62.0341,1,20,0,-241.8826234104158,0.024059959078321494,1.1092727120797012,48.37652468208316
2021/01/30,07:40:41.000,33.889665174,130.709409871,62.0341,1,20,0,-242.6297001552119,0.025264033544775393,1.0907816873734888,48.52594003104238
2021/01/30,07:40:41.200,33.889665177,130.709409848,62.0347,1,20,0,-200.3601391919043,0.025393456085360273,1.00596862599544,40.07202783838086
2021/01/30,07:40:41.400,33.889665174,130.709409861,62.0354,1,20,0,-224.33850221911564,0.02543992338070962,1.054996101215383,44.867700443823125
2021/01/30,07:40:41.600,33.889665178,130.709409857,62.0322,1,20,0,-212.16551366087162,0.025085306452030352,1.0368925181838162,42.433102732174326
2021/01/30,07:40:41.800,33.889665184,130.709409859,62.0311,1,20,0,-206.87890349208442,0.02439293402555465,1.0380989099991862,41.37578069841688
2021/01/30,07:40:42.000,33.889665187,130.709409862,62.0318,1,20,0,-207.43590125701036,0.024006089312655472,1.046231744358073,41.48718025140207
2021/01/30,07:40:42.200,33.889665183,130.709409834,62.0392,1,20,0,-175.38545558435075,0.025118549903426015,0.9493494418719373,35.07709111687015
2021/01/30,07:40:42.400,33.889665185,130.709409844,62.0370,1,20,0,-184.52514447573182,0.02463386507878448,0.982221552823793,36.905028895146366
2021/01/30,07:40:42.600,33.889665186,130.709409848,62.0369,1,20,0,-188.332886344805,0.024426183856414305,0.9954873652937344,37.666577268961
2021/01/30,07:40:42.800,33.889665182,130.709409838,62.0362,1,20,0,-181.1637715371887,0.025112832915256244,0.9647179228005545,36.23275430743774
2021/01/30,07:40:43.000,33.889665189,130.709409839,62.0342,1,20,0,-173.4333883221458,0.024341455109927152,0.9588953039479242,34.686677664429155
2021/01/30,07:40:43.200,33.889665189,130.709409846,62.0360,1,20,0,-181.8079340455785,0.02415479657168297,0.9844378970319709,36.3615868091157
2021/01/30,07:40:43.400,33.889665143,130.709409886,62.0338,1,20,0,-326.7610616171078,0.028491259999135692,1.1596752263195713,65.35221232342157
2021/01/30,07:40:43.600,33.889665163,130.709409865,62.0317,1,20,0,-247.49188422628123,0.026568014899163172,1.0781864870970166,49.498376845256246
2021/01/30,07:40:43.800,33.889665194,130.709409851,62.0342,1,20,0,-181.6647809573231,0.02349400164026458,0.9967933935982243,36.33295619146462
2021/01/30,07:40:44.000,33.889665180,130.709409877,62.0319,1,20,0,-245.88241370847751,0.024514177122475424,1.1083543161488367,49.1764827416955
2021/01/30,07:40:44.200,33.889665164,130.709409859,62.0318,1,20,0,-235.3231644597524,0.02656726944602673,1.056900411090554,47.06463289195048
2021/01/30,07:40:44.400,33.889665180,130.709409851,62.0347,1,20,0,-200.48421363598092,0.025000412327971514,1.013275835701286,40.09684272719618
2021/01/30,07:40:44.600,33.889665166,130.709409865,62.0321,1,20,0,-243.0594270372406,0.026239900208320843,1.0758305955306506,48.61188540744812
2021/01/30,07:40:44.800,33.889665171,130.709409863,62.0355,1,20,0,-232.12319401497757,0.025729392989631384,1.0647201259657564,46.42463880299552
2021/01/30,07:40:45.000,33.889665169,130.709409852,62.0392,1,20,0,-217.0434686641522,0.026166531742174492,1.028324412731617,43.408693732830436
2021/01/30,07:40:45.200,33.889665168,130.709409859,62.0376,1,20,0,-229.5789603758147,0.026131701068624547,1.0533905156094365,45.91579207516294
2021/01/30,07:40:45.400,33.889665208,130.709409843,62.0398,1,20,0,-154.0613569073529,0.022214947599403734,0.9461299474152329,30.812271381470577
2021/01/30,07:40:45.600,33.889665174,130.709409855,62.0381,1,20,0,-214.65864358944708,0.02556091711583105,1.0337769501398828,42.93172871788941
2021/01/30,07:40:45.800,33.889665163,130.709409871,62.0364,1,20,0,-259.25723010527656,0.026470990987445726,1.0987713811336954,51.85144602105531
2021/01/30,07:40:46.000,33.889665174,130.709409870,62.0392,1,20,0,-240.66514429485696,0.025280157487513652,1.0871813044196925,48.13302885897139
2021/01/30,07:40:46.200,33.889665169,130.709409875,62.0389,1,20,0,-258.4968641726966,0.02575253788254212,1.1086531312039334,51.69937283453932
2021/01/30,07:40:46.400,33.889665166,130.709409866,62.0375,1,20,0,-244.92494533244923,0.02622273822901481,1.0792920741649266,48.984989066489845
2021/01/30,07:40:46.600,33.889665179,130.709409853,62.0360,1,20,0,-204.7287520583549,0.025063173856202266,1.0215222660973855,40.94575041167098
2021/01/30,07:40:46.800,33.889665173,130.709409859,62.0406,1,20,0,-222.43652797381642,0.025587711026238292,1.0488351841623489,44.487305594763285
2021/01/30,07:40:47.000,33.889665182,130.709409872,62.0396,1,20,0,-232.58803164871142,0.02437098140632076,1.0882051653004885,46.517606329742286
2021/01/30,07:40:47.200,33.889665186,130.709409862,62.0391,1,20,0,-208.85615057615922,0.02411478246935012,1.04723074122014,41.771230115231845
2021/01/30,07:40:47.400,33.889665194,130.709409861,62.0393,1,20,0,-195.98460913807006,0.02326675608258912,1.0351061238075026,39.19692182761401
2021/01/30,07:40:47.600,33.889665155,130.709409847,62.0404,1,20,53,-228.92713594054683,0.027789969479635326,1.0252741461379236,45.78542718810937
2021/01/30,07:40:47.800,33.889665118,130.709409615,62.0372,1,20,51,-123.04421074828193,0.04187432236918781,0.5313139139672258,24.608842149656386
2021/01/30,07:40:48.000,33.889665092,130.709409397,62.0390,1,20,43,-93.92713012619416,0.058963534277415894,0.30842699127359463,18.78542602523883
2021/01/30,07:40:48.200,33.889665012,130.709409195,62.0377,1,20,43,-107.53220450794228,0.07942521072085064,0.2644349670010149,21.506440901588455
2021/01/30,07:40:48.400,33.889664963,130.709409010,62.0399,1,20,41,-106.49722726373076,0.0968689437712339,0.2164348778927776,21.299445452746152
2021/01/30,07:40:48.600,33.889664913,130.709408784,62.0409,1,20,41,-100.4759275203013,0.11787566722833041,0.16885450880652364,20.09518550406026
2021/01/30,07:40:48.800,33.889664882,130.709408586,62.0438,1,20,41,-88.64680875942025,0.13582714855075112,0.1297950316428449,17.72936175188405
2021/01/30,07:40:49.000,33.889664812,130.709408393,62.0397,1,20,41,-98.9420583833464,0.15528483823821998,0.12674983500717385,19.78841167666928
2021/01/30,07:40:49.200,33.889664734,130.709408197,62.0439,1,20,43,-113.15332301694227,0.17536881388707642,0.12833686035416525,22.630664603388453
2021/01/30,07:40:49.400,33.889664662,130.709408008,62.0397,1,20,43,-125.11056054210619,0.19458500184661176,0.12789034524810772,25.022112108421236
2021/01/30,07:40:49.600,33.889664590,130.709407808,62.0423,1,20,48,-135.48785773164428,0.2147239148264243,0.12553366936289834,27.097571546328858
2021/01/30,07:40:49.800,33.889664552,130.709407601,62.0452,1,20,43,-126.46923649924496,0.23390337422041774,0.10771943513517668,25.29384729984899
2021/01/30,07:40:50.000,33.889664511,130.709407385,62.0401,1,20,41,-117.89285131708887,0.2540418872674403,0.09254856889676644,23.578570263417774
2021/01/30,07:40:50.200,33.889664442,130.709407207,62.0432,1,20,39,-129.78162985303885,0.2721833454240725,0.09507587138605444,25.95632597060777
2021/01/30,07:40:50.400,33.889664404,130.709406992,62.0441,1,20,41,-119.79581143868025,0.292149811550426,0.081826733027627,23.95916228773605
2021/01/30,07:40:50.600,33.889664342,130.709406764,62.0403,1,20,41,-120.87469382205322,0.3142674930467417,0.07677352422800121,24.174938764410644
2021/01/30,07:40:50.800,33.889664271,130.709406539,62.0391,1,20,46,-127.19839490375306,0.3365066713410582,0.07545579888464626,25.43967898075061
2021/01/30,07:40:51.000,33.889664196,130.709406335,62.0423,1,20,46,-138.61971220946728,0.35711202422644006,0.07747833658612624,27.723942441893456
2021/01/30,07:40:51.200,33.889664156,130.709406132,62.0423,1,20,39,-131.457086445563,0.376184243877424,0.0697762739147727,26.2914172891126
2021/01/30,07:40:51.400,33.889664154,130.709405925,62.0388,1,20,39,-103.49002431056161,0.3941157331088747,0.052469377706025444,20.69800486211232
2021/01/30,07:40:51.600,33.889664044,130.709405726,62.0389,1,20,43,-134.26461723131476,0.4156643608147534,0.0645127718263181,26.852923446262952
2021/01/30,07:40:51.800,33.889663957,130.709405528,62.0375,1,20,41,-152.93153416240517,0.4362339071169234,0.06999990717199234,30.586306832481032
2021/01/30,07:40:52.000,33.889663921,130.709405291,62.0372,1,20,29,-138.88348377096335,0.45809470397445406,0.0605611237360133,27.77669675419267
2021/01/30,07:40:52.200,33.889663896,130.709405103,62.0407,1,20,41,-125.86897886474553,0.47532300500154534,0.05291201615026253,25.173795772949106
2021/01/30,07:40:52.400,33.889663828,130.709404885,62.0410,1,20,43,-131.57844143987913,0.49684316367588266,0.05291633878873547,26.315688287975824
2021/01/30,07:40:52.600,33.889663775,130.709404666,62.0383,1,20,56,-129.1566670245106,0.5178650778933103,0.049839124418920466,25.831333404902118
2021/01/30,07:40:52.800,33.889663710,130.709404439,62.0388,1,20,43,-132.0088049772542,0.5400483623240855,0.04884887987582376,26.40176099545084
2021/01/30,07:40:53.000,33.889663669,130.709404273,62.0417,1,20,41,-130.61620145092937,0.5560187135658491,0.046948140134840166,26.123240290185873
2021/01/30,07:40:53.200,33.889663587,130.709404060,62.0381,1,20,39,-144.48041258439338,0.5776469832556311,0.049982111054112544,28.896082516878675
2021/01/30,07:40:53.400,33.889663510,130.709403831,62.0402,1,20,41,-153.44431651059253,0.6004695658860824,0.05106367862181438,30.688863302118506
2021/01/30,07:40:53.600,33.889663451,130.709403681,62.0430,1,20,41,-163.87899425023772,0.6157540269990842,0.05317853462510369,32.77579885004754
2021/01/30,07:40:53.800,33.889663393,130.709403452,62.0468,1,20,39,-162.72032631559227,0.6378354542179935,0.05097845892398345,32.544065263118455
2021/01/30,07:40:54.000,33.889663351,130.709403233,62.0439,1,20,36,-154.4432546915583,0.6584351114816184,0.04687784841873066,30.88865093831166
2021/01/30,07:40:54.200,33.889663273,130.709403059,62.0468,1,20,39,-171.6348120549581,0.6765301606627409,0.05069626061405863,34.32696241099162
2021/01/30,07:40:54.400,33.889663189,130.709402895,62.0474,1,20,41,-193.43261947995364,0.6940063695586554,0.055686127769494664,38.68652389599073
2021/01/30,07:40:54.600,33.889663155,130.709402659,62.0502,1,20,43,-178.50432085983513,0.7157533680546656,0.04983742069261998,35.70086417196703
2021/01/30,07:40:54.800,33.889663107,130.709402475,62.0519,1,20,41,-178.31991636567807,0.7335529142496834,0.04857989440971,35.663983273135614
2021/01/30,07:40:55.000,33.889663050,130.709402296,62.0522,1,20,34,-183.62832033043563,0.7512680723696246,0.04884601441561065,36.72566406608713
2021/01/30,07:40:55.200,33.889662962,130.709402090,62.0513,1,20,39,-201.67096279873337,0.7725270975115981,0.05216335159491514,40.334192559746675
2021/01/30,07:40:55.400,33.889662920,130.709401879,62.0502,1,20,36,-194.51029151390964,0.7924295979039312,0.049052750822898616,38.902058302781924
2021/01/30,07:40:55.600,33.889662884,130.709401689,62.0478,1,20,34,-187.09807344733264,0.8102875564208282,0.046147873500918646,37.41961468946653
2021/01/30,07:40:55.800,33.889662825,130.709401456,62.0489,1,20,36,-185.9187110142307,0.8327630658632214,0.044621407902542654,37.18374220284614
2021/01/30,07:40:56.000,33.889662755,130.709401280,62.0552,1,20,36,-198.5662564545254,0.850716351896992,0.04664826399111455,39.71325129090508
2021/01/30,07:40:56.200,33.889662701,130.709401067,62.0552,1,20,41,-197.52192617795168,0.8712644211439486,0.04531040861162161,39.504385235590334
2021/01/30,07:40:56.400,33.889662643,130.709400860,62.0556,1,20,41,-199.44646290518716,0.8914463181029246,0.04471688388559336,39.88929258103743
2021/01/30,07:40:56.600,33.889662554,130.709400669,62.0455,1,20,41,-220.11206181704267,0.9114328148969536,0.048262719985330715,44.022412363408534
2021/01/30,07:40:56.800,33.889662475,130.709400472,62.0458,1,20,41,-234.6185490454145,0.9315602233309058,0.050328559823487495,46.9237098090829
2021/01/30,07:40:57.000,33.889662424,130.709400265,62.0446,1,20,39,-232.81295639695156,0.9514678884484706,0.04889862744284512,46.56259127939031
2021/01/30,07:40:57.200,33.889662352,130.709400048,62.0483,1,20,36,-240.79253526801648,0.9730562905613575,0.049451655009070006,48.158507053603294
2021/01/30,07:40:57.400,33.889662307,130.709399831,62.0464,1,20,39,-234.3940429477634,0.993600270269041,0.047145790851846225,46.87880858955268
2021/01/30,07:40:57.600,33.889662217,130.709399639,62.0459,1,20,39,-255.4573873768461,1.0137192937885562,0.05035741490104728,51.09147747536922
2021/01/30,07:40:57.800,33.889662176,130.709399429,62.0468,1,20,39,-247.9067221250844,1.033499938258214,0.04793745743407518,49.58134442501688
2021/01/30,07:40:58.000,33.889662117,130.709399230,62.0506,1,20,39,-251.48187537345987,1.0530255401893998,0.04772740757658145,50.29637507469197
2021/01/30,07:40:58.200,33.889662068,130.709399007,62.0455,1,20,36,-246.37612499285055,1.074247177986758,0.045837411508674375,49.27522499857011
2021/01/30,07:40:58.400,33.889662014,130.709398818,62.0406,1,20,36,-248.68855583159706,1.0927138714779756,0.04548620217933319,49.737711166319414
2021/01/30,07:40:58.600,33.889661948,130.709398610,62.0429,1,20,36,-254.73150738201258,1.1132892684681783,0.045730058079905156,50.94630147640252
2021/01/30,07:40:58.800,33.889661870,130.709398406,62.0457,1,20,39,-267.72256304320035,1.1339797090375738,0.047183183035823806,53.544512608640076
2021/01/30,07:40:59.000,33.889661840,130.709398205,62.0477,1,20,36,-255.58099629596762,1.1525656382864597,0.044320881435641724,51.11619925919352
2021/01/30,07:40:59.200,33.889661806,130.709397967,62.0461,1,20,39,-240.40233835564828,1.1745269508585996,0.04091318426154533,48.080467671129654
2021/01/30,07:40:59.400,33.889661759,130.709397738,62.0427,1,20,39,-233.40292282524092,1.1962077409745242,0.03900401964512534,46.680584565048186
2021/01/30,07:40:59.600,33.889661685,130.709397558,62.0450,1,20,39,-247.61271657542923,1.214649729215813,0.04074848030261213,49.52254331508585
2021/01/30,07:40:59.800,33.889661621,130.709397336,62.0424,1,20,39,-250.63416996467993,1.2363643771168122,0.0405215451871479,50.126833992935985
2021/01/30,07:41:00.000,33.889661549,130.709397119,62.0439,1,20,39,-258.61024229631573,1.2579475705213417,0.0410930734111985,51.72204845926314
2021/01/30,07:41:00.200,33.889661504,130.709396946,62.0435,1,20,41,-258.37195655032417,1.2746846766224873,0.040516774681380596,51.674391310064834
2021/01/30,07:41:00.400,33.889661468,130.709396715,62.0420,1,20,39,-245.243451515716,1.2961263242486338,0.03782447434609448,49.0486903031432
2021/01/30,07:41:00.600,33.889661390,130.709396533,62.0392,1,20,39,-261.2998651426151,1.314890574972129,0.039723823940185365,52.259973028523014
2021/01/30,07:41:00.800,33.889661322,130.709396338,62.0420,1,20,43,-270.22218328331223,1.3344099013004012,0.040478503601246274,54.04443665666244
2021/01/30,07:41:01.000,33.889661252,130.709396141,62.0432,1,20,46,-279.9294493984593,1.3541795825957295,0.04131950103226112,55.98588987969186
2021/01/30,07:41:01.200,33.889661220,130.709395931,62.0395,1,20,51,-267.6057700171723,1.373641456886477,0.03894327348276816,53.521154003434454
2021/01/30,07:41:01.400,33.889661174,130.709395712,62.0400,1,20,36,-261.47389828231223,1.394418807932448,0.03748535449297474,52.294779656462445
2021/01/30,07:41:01.600,33.889661102,130.709395538,62.0416,1,20,39,-275.45624528393733,1.4122602595342002,0.03898950609234486,55.09124905678747
2021/01/30,07:41:01.800,33.889661030,130.709395348,62.0368,1,20,36,-287.20450136609884,1.4314953726233266,0.04010498524738004,57.44090027321977
2021/01/30,07:41:02.000,33.889660982,130.709395140,62.0391,1,20,36,-283.67185705049116,1.4513891996891306,0.039069810557081475,56.734371410098234
2021/01/30,07:41:02.200,33.889660918,130.709394955,62.0385,1,20,36,-291.8634437509288,1.469887498234328,0.03969149466792343,58.37268875018576
2021/01/30,07:41:02.400,33.889660874,130.709394728,62.0419,1,20,46,-283.54935484563975,1.491283840779248,0.038009235510677364,56.709870969127955
2021/01/30,07:41:02.600,33.889660826,130.709394522,62.0440,1,20,34,-280.2978411336469,1.5110066839686327,0.03708379890487912,56.05956822672938
2021/01/30,07:41:02.800,33.889660721,130.709394317,62.0452,1,20,39,-307.50045453069345,1.5327871780302706,0.04010153625548929,61.500090906138695
2021/01/30,07:41:03.000,33.889660680,130.709394100,62.0425,1,20,39,-298.9873144503378,1.5531998507239342,0.03848052451320294,59.79746289006756
2021/01/30,07:41:03.200,33.889660612,130.709393900,62.0416,1,20,39,-307.2102442348695,1.5731526011324681,0.03903679509872626,61.4420488469739
2021/01/30,07:41:03.400,33.889660528,130.709393697,62.0448,1,20,39,-323.5252292797827,1.5939714612050029,0.04057132848764766,64.70504585595654
2021/01/30,07:41:03.600,33.889660491,130.709393512,62.0462,1,20,29,-317.3549947464203,1.6114498475117087,0.039367161877906565,63.47099894928405
2021/01/30,07:41:03.800,33.889660431,130.709393299,62.0472,1,20,36,-319.50665373592335,1.6322315100406022,0.03912969037768743,63.901330747184666
2021/01/30,07:41:04.000,33.889660374,130.709393103,62.0444,1,20,36,-322.43800256865626,1.6514220397171286,0.039029908925339196,64.48760051373125
2021/01/30,07:41:04.200,33.889660313,130.709392858,62.0459,1,20,36,-320.65078588385717,1.6750243152223776,0.038267414733372807,64.13015717677143
2021/01/30,07:41:04.400,33.889660239,130.709392684,62.0478,1,20,36,-335.6977403671899,1.692942646575693,0.03963771747117706,67.13954807343798
2021/01/30,07:41:04.600,33.889660173,130.709392456,62.0443,1,20,39,-338.94478985122595,1.715254671277225,0.03950066328082791,67.78895797024519
2021/01/30,07:41:04.800,33.889660120,130.709392260,62.0413,1,20,34,-339.74854991842017,1.734294250052366,0.03916000567175848,67.94970998368403
2021/01/30,07:41:05.000,33.889660062,130.709392058,62.0431,1,20,34,-342.3734423784421,1.7540441586882793,0.039018365209428474,68.47468847568842
2021/01/30,07:41:05.200,33.889659990,130.709391874,62.0412,1,20,46,-354.96005927499266,1.7727576309151456,0.040024703535801454,70.99201185499854
2021/01/30,07:41:05.400,33.889659927,130.709391674,62.0447,1,20,39,-360.52397347454234,1.7925224963008004,0.04020364720545011,72.10479469490846
2021/01/30,07:41:05.600,33.889659913,130.709391455,62.0434,1,20,36,-337.37220151073086,1.8120936581832843,0.03721843054940965,67.47444030214618
2021/01/30,07:41:05.800,33.889659865,130.709391223,62.0412,1,20,31,-330.48975733593244,1.8340803889013086,0.03602315271352019,66.09795146718649
2021/01/30,07:41:06.000,33.889659806,130.709390995,62.0385,1,20,26,-330.01545041551515,1.8561316485732544,0.03554451076870491,66.00309008310303
2021/01/30,07:41:06.200,33.889659775,130.709390788,62.0448,1,20,36,-317.5888269308204,1.8753123351243381,0.033857556142300016,63.51776538616408
2021/01/30,07:41:06.400,33.889659663,130.709390614,62.0379,1,20,34,-352.83475241661154,1.8946412744496073,0.03722833851769192,70.5669504833223
2021/01/30,07:41:06.600,33.889659582,130.709390382,62.0446,1,20,29,-363.50003155680326,1.9178648270975005,0.03788860084680845,72.70000631136065
2021/01/30,07:41:06.800,33.889659550,130.709390193,62.0468,1,20,34,-354.11524205339,1.9355089131021002,0.03657511685560788,70.823048410678
2021/01/30,07:41:07.000,33.889659449,130.709389993,62.0423,1,20,36,-379.8867816287485,1.9567000785013573,0.038809834756108774,75.9773563257497
2021/01/30,07:41:07.200,33.889659412,130.709389754,62.0447,1,20,26,-366.1750077045415,1.9788795399683994,0.03699143526044946,73.2350015409083
2021/01/30,07:41:07.400,33.889659322,130.709389583,62.0401,1,20,34,-390.14881769770966,1.9971362243929347,0.03905096407627484,78.02976353954193
2021/01/30,07:41:07.600,33.889659275,130.709389391,62.0405,1,20,34,-388.32049028511994,2.0156022779898977,0.03851240784625265,77.66409805702399
2021/01/30,07:41:07.800,33.889659259,130.709389221,62.0381,1,20,36,-373.0807770137743,2.0309917642806172,0.03672226206266416,74.61615540275486
2021/01/30,07:41:08.000,33.889659203,130.709389021,62.0403,1,20,34,-374.9218715129506,2.050493284544538,0.0365526561022933,74.98437430259011
2021/01/30,07:41:08.200,33.889659143,130.709388841,62.0429,1,20,31,-381.68349912545307,2.0684041837306273,0.036889342207237164,76.33669982509062
2021/01/30,07:41:08.400,33.889659102,130.709388654,62.0426,1,20,14,-377.3645681885056,2.086212895799746,0.03616122493251739,75.47291363770111
2021/01/30,07:41:08.600,33.889659021,130.709388486,62.0414,1,20,31,-396.96919707981743,2.103866806614761,0.03771920511907734,79.39383941596348
2021/01/30,07:41:08.800,33.889658971,130.709388268,62.0446,1,20,29,-393.10508049100605,2.124708965002916,0.0369863182490584,78.62101609820121
2021/01/30,07:41:09.000,33.889658926,130.709388073,62.0436,1,20,29,-389.7955201347201,2.143363425931311,0.03635629487326719,77.95910402694402
2021/01/30,07:41:09.200,33.889658866,130.709387879,62.0440,1,20,29,-394.6015797813001,2.1624925326689337,0.036478880277294845,78.92031595626001
2021/01/30,07:41:09.400,33.889658814,130.709387712,62.0441,1,20,46,-398.92514710238095,2.178972487726451,0.036599544951783525,79.78502942047619
2021/01/30,07:41:09.600,33.889658754,130.709387494,62.0441,1,20,31,-400.3789836159894,2.200190271873246,0.03637888500146236,80.07579672319788
2021/01/30,07:41:09.800,33.889658728,130.709387306,62.0438,1,20,31,-387.94594917831375,2.217527151008589,0.03497479189299613,77.58918983566275
2021/01/30,07:41:10.000,33.889658662,130.709387120,62.0417,1,20,34,-397.05898295964204,2.2361831886358687,0.035497288288855344,79.41179659192841
2021/01/30,07:41:10.200,33.889658614,130.709386918,62.0423,1,20,34,-394.36782539525467,2.255560933145653,0.034954249624174594,78.87356507905093
2021/01/30,07:41:10.400,33.889658570,130.709386737,62.0407,1,20,34,-392.48307347395524,2.2729615696102043,0.03452123053575651,78.49661469479105
2021/01/30,07:41:10.600,33.889658474,130.709386524,62.0448,1,20,31,-413.77502486421287,2.2950875118395624,0.036041836374450575,82.75500497284257
2021/01/30,07:41:10.800,33.889658435,130.709386346,62.0484,1,20,31,-409.65035664220784,2.3120392592114793,0.03542145869809543,81.93007132844157
2021/01/30,07:41:11.000,33.889658392,130.709386140,62.0479,1,20,24,-403.74252536663585,2.3315791705024838,0.034618702085217556,80.74850507332717
2021/01/30,07:41:11.200,33.889658302,130.709385956,62.0541,1,20,34,-425.894857974751,2.3509569163211403,0.03621577579755897,85.1789715949502
2021/01/30,07:41:11.400,33.889658265,130.709385748,62.0521,1,20,31,-416.5170021248445,2.370445652460977,0.03512804970356509,83.3034004249689
2021/01/30,07:41:11.600,33.889658209,130.709385542,62.0489,1,20,31,-417.5204805958059,2.390470141416365,0.034917882562286895,83.50409611916118
2021/01/30,07:41:11.800,33.889658135,130.709385363,62.0501,1,20,34,-431.8644770748234,2.408815421844118,0.0358416447826273,86.37289541496469
2021/01/30,07:41:12.000,33.889658079,130.709385155,62.0489,1,20,31,-432.5884352486536,2.4290136589964146,0.0356033927547621,86.51768704973071
2021/01/30,07:41:12.200,33.889658051,130.709384944,62.0520,1,20,31,-418.0080485400288,2.448430353428978,0.034131721366247536,83.60160970800577
2021/01/30,07:41:12.400,33.889657997,130.709384742,62.0524,1,20,31,-418.50715204111395,2.4680325796799862,0.033901238901542285,83.70143040822279
2021/01/30,07:41:12.600,33.889657960,130.709384507,62.0542,1,20,34,-405.362684102197,2.4898800087484934,0.03254932106066777,81.07253682043941
2021/01/30,07:41:12.800,33.889657912,130.709384326,62.0518,1,20,29,-405.60505473848855,2.507430868821521,0.0323409620071744,81.12101094769771
2021/01/30,07:41:13.000,33.889657835,130.709384112,62.0572,1,20,26,-416.65393893234915,2.52893120845202,0.032939072382069945,83.33078778646983
2021/01/30,07:41:13.200,33.889657752,130.709383895,62.0520,1,20,24,-430.4737563991848,2.55091656791846,0.033737710039314805,86.09475127983697
2021/01/30,07:41:13.400,33.889657628,130.709383664,62.0507,1,20,34,-464.136967467667,2.575651830647092,0.03602475781272618,92.82739349353339
2021/01/30,07:41:13.600,33.889657617,130.709383516,62.0492,1,20,34,-449.3158920445204,2.5889475162687896,0.03469638325360025,89.86317840890408
2021/01/30,07:41:13.800,33.889657573,130.709383334,62.0517,1,20,31,-447.29161766931225,2.606435470992254,0.03430862641777077,89.45832353386245
2021/01/30,07:41:14.000,33.889657486,130.709383138,62.0537,1,20,31,-466.1722166493775,2.6267443932866135,0.035479401607219074,93.2344433298755
2021/01/30,07:41:14.200,33.889657402,130.709382969,62.0535,1,20,31,-487.23087018317983,2.6445949552333516,0.03683063377643858,97.44617403663597
2021/01/30,07:41:14.400,33.889657379,130.709382757,62.0531,1,20,31,-469.85007321522147,2.6639075332243514,0.03526063331877438,93.9700146430443
2021/01/30,07:41:14.600,33.889657339,130.709382551,62.0505,1,20,29,-462.3475173175841,2.683335977036075,0.034447019187471284,92.46950346351682
2021/01/30,07:41:14.800,33.889657291,130.709382366,62.0521,1,20,31,-462.03082190009786,2.7012342071019932,0.034195533073089646,92.40616438001958
2021/01/30,07:41:15.000,33.889657235,130.709382169,62.0529,1,20,26,-464.2912589290297,2.7204752242172994,0.03411985305842302,92.85825178580595
2021/01/30,07:41:15.200,33.889657175,130.709381980,62.0550,1,20,26,-469.7951751039127,2.7391682078116877,0.034288587715645136,93.95903502078254
2021/01/30,07:41:15.400,33.889657113,130.709381797,62.0588,1,20,24,-477.2002250749234,2.7574131842892933,0.03459835489024199,95.44004501498469
2021/01/30,07:41:15.600,33.889657061,130.709381623,62.0639,1,20,26,-480.54599155610043,2.7745022024602757,0.03462631390289861,96.10919831122008
2021/01/30,07:41:15.800,33.889657002,130.709381416,62.0654,1,20,21,-483.0047787053529,2.7947256855559512,0.03455169564817995,96.60095574107058
2021/01/30,07:41:16.000,33.889656928,130.709381205,62.0629,1,20,29,-492.87932875472444,2.815856199301073,0.03499313156512773,98.57586575094489
2021/01/30,07:41:16.200,33.889656925,130.709380947,62.0561,1,20,26,-458.44946092124155,2.8384434492056996,0.03229164917740013,91.68989218424831
2021/01/30,07:41:16.400,33.889656855,130.709380755,62.0577,1,20,26,-468.84921789070546,2.857767249170006,0.03280050642282939,93.76984357814109
2021/01/30,07:41:16.600,33.889656777,130.709380547,62.0654,1,20,26,-481.26771599702397,2.878782583649739,0.03342305162367154,96.25354319940479
2021/01/30,07:41:16.800,33.889656743,130.709380351,62.0668,1,20,31,-471.9742160763045,2.8971213000476492,0.03257076640564893,94.3948432152609
2021/01/30,07:41:17.000,33.889656650,130.709380162,62.0697,1,20,39,-495.01885484961116,2.917037799071209,0.03392680845771201,99.00377096992223
2021/01/30,07:41:17.200,33.889656586,130.709379936,62.0673,1,20,26,-497.4825573633694,2.9391022612810866,0.033839764978571996,99.49651147267387
2021/01/30,07:41:17.400,33.889656549,130.709379750,62.0641,1,20,26,-491.17936493410036,2.9566798351483174,0.03321284504972688,98.23587298682007
2021/01/30,07:41:17.600,33.889656524,130.709379528,62.0609,1,20,24,-473.47298320812047,2.9769525732490165,0.03179851726980054,94.69459664162409
2021/01/30,07:41:17.800,33.889656457,130.709379300,62.0590,1,20,24,-477.2521286746994,2.999302677079152,0.031813468711010096,95.45042573493988
2021/01/30,07:41:18.000,33.889656401,130.709379101,62.0587,1,20,12,-479.23357618041234,3.018718474739164,0.03174013323764635,95.84671523608247
2021/01/30,07:41:18.200,33.889656370,130.709378862,62.0594,1,20,21,-462.3456054703911,3.0407006877962894,0.03040109545662295,92.46912109407822
2021/01/30,07:41:18.400,33.889656289,130.709378675,62.0644,1,20,24,-479.2877789792054,3.059991236171362,0.03131584736091719,95.85755579584108
2021/01/30,07:41:18.600,33.889656231,130.709378472,62.0656,1,20,14,-481.7737864223465,3.079829659589383,0.031275540893394904,96.3547572844693
2021/01/30,07:41:18.800,33.889656159,130.709378270,62.0644,1,20,14,-491.8397373150781,3.100097557471037,0.0317199547032172,98.36794746301561
2021/01/30,07:41:19.000,33.889656143,130.709378004,62.0606,1,20,26,-463.2124392199188,3.1238836140120623,0.02964750107268843,92.64248784398376
2021/01/30,07:41:19.200,33.889656082,130.709377804,62.0623,1,20,26,-467.71134672450887,3.14357064828432,0.02974791570739166,93.54226934490177
2021/01/30,07:41:19.400,33.889656083,130.709377581,62.0644,1,20,21,-436.0584429513489,3.162994868658121,0.027565519893402612,87.21168859026979
2021/01/30,07:41:19.600,33.889656023,130.709377344,62.0653,1,20,19,-434.86266252299026,3.185874965723294,0.027292639363116322,86.97253250459805
2021/01/30,07:41:19.800,33.889655924,130.709377140,62.0672,1,20,19,-458.99206443981024,3.2072988552803525,0.028613909138850424,91.79841288796204
2021/01/30,07:41:20.000,33.889655847,130.709376940,62.0692,1,20,7,-471.992169730481,3.2275718140080127,0.02923917313809321,94.3984339460962
2021/01/30,07:41:20.200,33.889655814,130.709376731,62.0682,1,20,31,-460.3577855237877,3.2470185260497924,0.028348126641102755,92.07155710475755
2021/01/30,07:41:20.400,33.889655758,130.709376532,62.0645,1,20,19,-462.3395255274338,3.2664349698019715,0.028300951172221644,92.46790510548676
2021/01/30,07:41:20.600,33.889655677,130.709376317,62.0683,1,20,19,-475.3712471523955,3.2881627335481696,0.028906041337357635,95.0742494304791
2021/01/30,07:41:20.800,33.889655637,130.709376138,62.0640,1,20,19,-471.6430001174858,3.3052479650246154,0.028531294488536307,94.32860002349716
2021/01/30,07:41:21.000,33.889655605,130.709375932,62.0659,1,20,19,-459.89683057329154,3.324398280288258,0.02766091742103427,91.9793661146583
2021/01/30,07:41:21.200,33.889655566,130.709375739,62.0696,1,20,41,-453.68439892518074,3.3426709425302907,0.027138358705903087,90.73687978503615
2021/01/30,07:41:21.400,33.889655521,130.709375541,62.0741,1,20,16,-449.96207056172636,3.3615995493750424,0.02676431969712123,89.99241411234527
2021/01/30,07:41:21.600,33.889655444,130.709375373,62.0730,1,20,14,-467.42599491303685,3.379075045426997,0.02765885853269756,93.48519898260737
2021/01/30,07:41:21.800,33.889655382,130.709375148,62.0724,1,20,14,-468.9672392247232,3.4009803770940548,0.027571367546812997,93.79344784494464
2021/01/30,07:41:22.000,33.889655302,130.709374958,62.0698,1,20,14,-484.95587097962994,3.420488089756898,0.02834834930636765,96.99117419592599
2021/01/30,07:41:22.200,33.889655259,130.709374763,62.0696,1,20,14,-480.58897679728324,3.4390802309689414,0.027941418581930222,96.11779535945665
2021/01/30,07:41:22.400,33.889655245,130.709374549,62.0695,1,20,16,-458.1649306482843,3.458275371136958,0.02649053093424314,91.63298612965687
2021/01/30,07:41:22.600,33.889655169,130.709374354,62.0735,1,20,12,-471.32965847637183,3.4780709569222497,0.02709630177670963,94.26593169527436
2021/01/30,07:41:22.800,33.889655117,130.709374180,62.0756,1,20,7,-474.67494345311934,3.4951589199707356,0.0271551750820338,94.93498869062387
2021/01/30,07:41:23.000,33.889655059,130.709373938,62.0744,1,20,12,-471.7191451632045,3.5184031330174137,0.026807964802692652,94.3438290326409
2021/01/30,07:41:23.200,33.889655016,130.709373725,62.0719,1,20,12,-464.841588493877,3.538569476304827,0.026266811014401092,92.9683176987754
2021/01/30,07:41:23.400,33.889654964,130.709373500,62.0697,1,20,12,-461.07092481798406,3.560111872012387,0.025896256611345425,92.21418496359681
2021/01/30,07:41:23.600,33.889654915,130.709373300,62.0696,1,20,12,-459.19491044120883,3.579361869788602,0.025652292214967787,91.83898208824176
2021/01/30,07:41:23.800,33.889654838,130.709373108,62.0706,1,20,19,-473.3087315419632,3.5989300084371414,0.02629668402998986,94.66174630839264
2021/01/30,07:41:24.000,33.889654781,130.709372899,62.0743,1,20,4,-474.4265148462009,3.619256494241737,0.026210790314436405,94.88530296924019
2021/01/30,07:41:24.200,33.889654751,130.709372706,62.0766,1,20,9,-463.4343736205608,3.637205037944906,0.02547748022935492,92.68687472411216
2021/01/30,07:41:24.400,33.889654685,130.709372498,62.0776,1,20,9,-469.4724439426375,3.6577709154431495,0.025664229782058623,93.8944887885275
2021/01/30,07:41:24.600,33.889654624,130.709372294,62.0754,1,20,9,-473.41267044884495,3.6778059666297613,0.025738613106995434,94.68253408976899
2021/01/30,07:41:24.800,33.889654575,130.709372063,62.0712,1,20,7,-467.211635810117,3.699764489109594,0.025250922511541152,93.4423271620234
2021/01/30,07:41:25.000,33.889654516,130.709371860,62.0718,1,20,4,-470.2289894047788,3.7196395459430955,0.02527819282427579,94.04579788095576
2021/01/30,07:41:25.200,33.889654468,130.709371662,62.0736,1,20,7,-468.101035328359,3.7386790920283817,0.02503575297796523,93.62020706567179
2021/01/30,07:41:25.400,33.889654453,130.709371411,62.0757,1,20,19,-441.05213086592636,3.7611590267478188,0.023448691670005406,88.21042617318527
2021/01/30,07:41:25.600,33.889654386,130.709371220,62.0775,1,20,7,-449.9922942200875,3.7802734767163497,0.023802897253260458,89.9984588440175
2021/01/30,07:41:25.800,33.889654348,130.709371012,62.0744,1,20,-5,-441.1588220943134,3.7998280652681533,0.0232157642027766,88.23176441886268
2021/01/30,07:41:26.000,33.889654331,130.709370785,62.0731,1,20,2,-418.5232772901218,3.8202910560096046,0.021907038844904747,83.70465545802436
2021/01/30,07:41:26.200,33.889654274,130.709370541,62.0691,1,20,-2,-414.75969593572194,3.8436804026270392,0.02157803345748821,82.95193918714439
2021/01/30,07:41:26.400,33.889654214,130.709370334,62.0728,1,20,-2,-417.7499984383362,3.8639407431222095,0.021619633298677332,83.54999968766724
2021/01/30,07:41:26.600,33.889654139,130.709370125,62.0722,1,20,-2,-428.4270555153649,3.8849144110994804,0.022052357348771423,85.68541110307298
2021/01/30,07:41:26.800,33.889654103,130.709369915,62.0741,1,20,0,-418.25387164148316,3.9045761075129075,0.02142050188941491,83.65077432829663
2021/01/30,07:41:27.000,33.889654057,130.709369693,62.0757,1,20,-2,-411.71767315932107,3.925647258754653,0.02097270992304301,82.34353463186422
2021/01/30,07:41:27.200,33.889653993,130.709369495,62.0717,1,20,-2,-418.08729242158273,3.945263291300462,0.021191219774360004,83.61745848431654
2021/01/30,07:41:27.400,33.889653948,130.709369288,62.0720,1,20,-2,-413.1122698432253,3.9649864931116463,0.020835001171417566,82.62245396864506
2021/01/30,07:41:27.600,33.889653921,130.709369084,62.0690,1,20,-12,-398.99789878475593,3.983804620380187,0.020028318900722653,79.79957975695119
2021/01/30,07:41:27.800,33.889653882,130.709368874,62.0712,1,20,-5,-390.4191500176015,4.003578143904257,0.019501038512705016,78.0838300035203
2021/01/30,07:41:28.000,33.889653831,130.709368685,62.0714,1,20,-5,-391.1408606415392,4.021941550339351,0.019447898084770543,78.22817212830783
2021/01/30,07:41:28.200,33.889653775,130.709368484,62.0702,1,20,-5,-392.8439176518576,4.041533679990972,0.019437890228223065,78.56878353037152
2021/01/30,07:41:28.400,33.889653733,130.709368264,62.0709,1,20,-7,-384.4638415636339,4.062290779077353,0.018926165379320903,76.89276831272677
2021/01/30,07:41:28.600,33.889653705,130.709368055,62.0711,1,20,-10,-370.1849252163624,4.081588362211742,0.01813726909242419,74.03698504327248
2021/01/30,07:41:28.800,33.889653644,130.709367859,62.0739,1,20,-10,-375.23989698360356,4.100920165360049,0.018298235565049836,75.0479793967207
2021/01/30,07:41:29.000,33.889653592,130.709367638,62.0724,1,20,-12,-372.0302717623689,4.122121958878812,0.018048465264675517,74.40605435247377
2021/01/30,07:41:29.200,33.889653541,130.709367454,62.0740,1,20,-10,-373.44929950003376,4.140047722144587,0.018038864129329202,74.68985990000675
2021/01/30,07:41:29.400,33.889653499,130.709367269,62.0793,1,20,-12,-369.95057297450376,4.157741791087429,0.017793867245374795,73.99011459490075
2021/01/30,07:41:29.600,33.889653452,130.709367062,62.0838,1,20,-12,-366.0387242063656,4.177540506455221,0.017522332146950426,73.20774484127313
2021/01/30,07:41:29.800,33.889653431,130.709366849,62.0849,1,20,-15,-347.48701981605745,4.1969456377024885,0.016557529903848067,69.4974039632115
2021/01/30,07:41:30.000,33.889653391,130.709366635,62.0829,1,20,-17,-338.8833514608622,4.217112162177777,0.01607043705303779,67.77667029217244
2021/01/30,07:41:30.200,33.889653337,130.709366406,62.0845,1,20,-12,-335.6205876076506,4.239087903240586,0.015833242860127328,67.12411752153011
2021/01/30,07:41:30.400,33.889653317,130.709366217,62.0840,1,20,-12,-319.8858786985143,4.256360390271404,0.01502982652128182,63.977175739702865
2021/01/30,07:41:30.600,33.889653260,130.709366055,62.0849,1,20,-15,-327.55740821648345,4.272568580269646,0.015331842466992818,65.51148164329669
2021/01/30,07:41:30.800,33.889653201,130.709365811,62.0863,1,20,-17,-324.85768261150406,4.296036029041451,0.01512244852253719,64.97153652230081
2021/01/30,07:41:31.000,33.889653152,130.709365607,62.0870,1,20,-20,-322.4265193746006,4.3156449692778285,0.014941105157791679,64.48530387492012
2021/01/30,07:41:31.200,33.889653078,130.709365371,62.0833,1,20,-24,-328.8049693664324,4.338938789417609,0.015154848352922912,65.76099387328648
2021/01/30,07:41:31.400,33.889653064,130.709365172,62.0808,1,20,-20,-308.4915849747405,4.356879972271365,0.014160177376884242,61.698316994948094
2021/01/30,07:41:31.600,33.889653022,130.709364894,62.0767,1,20,-20,-292.0280332393886,4.382735322240504,0.013325502295786773,58.405606647877725
2021/01/30,07:41:31.800,33.889652968,130.709364702,62.0801,1,20,-24,-293.9241727165969,4.401467839958016,0.013354940168588403,58.784834543319384
2021/01/30,07:41:32.000,33.889652941,130.709364503,62.0798,1,20,-27,-280.5127044503866,4.419870536797811,0.012692572702752258,56.102540890077314
2021/01/30,07:41:32.200,33.889652912,130.709364254,62.0820,1,20,-24,-261.19282591061005,4.442733099036565,0.011757662861242135,52.23856518212202
2021/01/30,07:41:32.400,33.889652854,130.709364061,62.0868,1,20,-24,-265.07264485617645,4.46169249425161,0.011881597462703564,53.01452897123529
2021/01/30,07:41:32.600,33.889652835,130.709363807,62.0848,1,20,-44,-239.74871787802826,4.484650094872167,0.010691562443035707,47.94974357560565
2021/01/30,07:41:32.800,33.889652820,130.709363565,62.0788,1,20,-29,-213.9755859958947,4.506421620737414,0.009496188862464727,42.79511719917894
2021/01/30,07:41:33.000,33.889652814,130.709363323,62.0745,1,20,-29,-183.42685749819555,4.527889473635351,0.008101913490059065,36.68537149963911
2021/01/30,07:41:33.200,33.889652757,130.709363125,62.0787,1,20,-34,-186.07868086739006,4.5472516324672,0.008184043526088924,37.215736173478014
2021/01/30,07:41:33.400,33.889652708,130.709362922,62.0787,1,20,-37,-183.78777097074482,4.566777630497689,0.00804873007215079,36.757554194148966
2021/01/30,07:41:33.600,33.889652650,130.709362727,62.0776,1,20,-34,-187.38848383102726,4.585910594800721,0.008172174681293498,37.477696766205455
2021/01/30,07:41:33.800,33.889652632,130.709362529,62.0779,1,20,-37,-169.34230731364272,4.60393089165493,0.007356289945901651,33.86846146272855
2021/01/30,07:41:34.000,33.889652660,130.709362331,62.0806,1,20,-24,-126.8843403272176,4.6203801824286606,0.005492321387751353,25.37686806544352
2021/01/30,07:41:34.200,33.889652642,130.709362096,62.0805,1,20,-42,-103.68203176714087,4.64166548571873,0.004467419822852925,20.736406353428173
2021/01/30,07:41:34.400,33.889652627,130.709361896,62.0803,1,20,-37,-83.76627661339883,4.659773609129307,0.0035952783425905466,16.753255322679767
2021/01/30,07:41:34.600,33.889652590,130.709361723,62.0815,1,20,-49,-79.28882458237076,4.676254683020033,0.003391112162432819,15.857764916474153
2021/01/30,07:41:34.800,33.889652536,130.709361502,62.0841,1,20,-47,-77.14272449566971,4.697537246296582,0.003284378305808744,15.428544899133943
2021/01/30,07:41:35.000,33.889652509,130.709361311,62.0846,1,20,-37,-64.84971349575918,4.715264105273074,0.002750622170828443,12.969942699151837
2021/01/30,07:41:35.200,33.889652480,130.709361108,62.0831,1,20,-47,-51.94557166136933,4.734116423903558,0.0021945167216745887,10.389114332273866
2021/01/30,07:41:35.400,33.889652423,130.709360913,62.0789,1,20,-55,-55.01533497428038,4.753211932891109,0.0023148657153324592,11.003066994856075
2021/01/30,07:41:35.600,33.889652377,130.709360707,62.0771,1,20,-57,-50.71453499802863,4.772903903229949,0.002125098668785519,10.142906999605726
2021/01/30,07:41:35.800,33.889652370,130.709360492,62.0820,1,20,-52,-24.463165945739856,4.792072853417009,0.0010209843712241096,4.892633189147971
2021/01/30,07:41:36.000,33.889652342,130.709360284,62.0854,1,20,-49,-10.331585731595588,4.811336489619282,0.00042946840732049907,2.0663171463191174
2021/01/30,07:41:36.200,33.889652348,130.709360086,62.0880,1,20,-60,20.448992062945752,4.828580714008696,-0.0008469978399054945,-4.0897984125891504
2021/01/30,07:41:36.400,33.889652289,130.709359911,62.0358,2,20,-70,13.530378150972124,4.845979009921372,-0.0005584166467449414,-2.706075630194425
2021/01/30,07:41:36.600,33.889652280,130.709359694,62.0339,2,20,-67,38.99910847214255,4.865405103370067,-0.0016031172835364593,-7.79982169442851
2021/01/30,07:41:36.800,33.889652251,130.709359486,62.0428,2,20,-67,52.600081133569496,4.884709449769734,-0.0021536593056499242,-10.5200162267139
2021/01/30,07:41:37.000,33.889652188,130.709359260,62.0434,2,20,-72,50.66698311547958,4.906735436933572,-0.0020651984087738384,-10.133396623095916
2021/01/30,07:41:37.200,33.889652206,130.709359042,62.0429,2,20,-75,90.6036245367288,4.925360344570159,-0.0036790492233005345,-18.12072490734576
2021/01/30,07:41:37.400,33.889652156,130.709358840,62.0403,2,20,-75,92.22423387338922,4.9448372467803345,-0.0037301048161624273,-18.444846774677846
2021/01/30,07:41:37.600,33.889652135,130.709358631,62.0419,2,20,-77,110.21031469169088,4.963970517273592,-0.004440380536873345,-22.042062938338177
2021/01/30,07:41:37.800,33.889652108,130.709358417,62.0385,2,20,-77,125.70932580925344,4.98374572436235,-0.005044730062695457,-25.14186516185069
2021/01/30,07:41:38.000,33.889652132,130.709358203,62.0319,2,20,-85,168.2741804346526,5.001843670735511,-0.006728384659002717,-33.65483608693052
2021/01/30,07:41:38.200,33.889652109,130.709357968,62.0314,2,20,-82,188.82378718612952,5.023348973763179,-0.007517703069382264,-37.7647574372259
2021/01/30,07:41:38.400,33.889652083,130.709357764,62.0311,2,20,-85,203.46048381131027,5.042217333641751,-0.008070103029501396,-40.692096762262054
2021/01/30,07:41:38.600,33.889652071,130.709357489,62.0317,2,20,-88,235.42453047525822,5.066903217313477,-0.00929237225103341,-47.08490609505164
2021/01/30,07:41:38.800,33.889652067,130.709357303,62.0385,2,20,-93,259.22920543789115,5.083470326077531,-0.010198553398720112,-51.84584108757823
2021/01/30,07:41:39.000,33.889652047,130.709357066,62.0230,2,20,-100,281.6517132133557,5.105068752748589,-0.011033750846118462,-56.33034264267115
2021/01/30,07:41:39.200,33.889652017,130.709356870,62.0266,2,20,-90,293.0514592676098,5.123368827016175,-0.011439296540584731,-58.61029185352196
2021/01/30,07:41:39.400,33.889652023,130.709356638,62.0203,2,20,-47,328.5784632803163,5.143691795250877,-0.012775282837156787,-65.71569265606327
2021/01/30,07:41:39.600,33.889651996,130.709356403,62.0266,2,20,29,347.00837784285994,5.165349129440579,-0.013435200216917131,-69.40167556857199
2021/01/30,07:41:39.800,33.889651984,130.709356205,62.0314,2,20,105,368.24274169806597,5.183253482652562,-0.014207985927286337,-73.6485483396132
2021/01/30,07:41:40.000,33.889651954,130.709355946,62.0312,2,20,144,388.4272344929302,5.2071358385981705,-0.014917929240750638,-77.68544689858604
2021/01/30,07:41:40.200,33.889652072,130.709355690,62.0967,1,20,258,486.767834797692,5.226054918774844,-0.018626346177278208,-97.3535669595384
2021/01/30,07:41:40.400,33.889651980,130.709355489,62.0973,1,20,299,465.9499660591967,5.246773873932346,-0.01775952191782748,-93.18999321183934
2021/01/30,07:41:40.600,33.889651893,130.709355300,62.0952,1,20,282,446.1144197240282,5.26627509527652,-0.016940692784946254,-89.22288394480564
2021/01/30,07:41:40.800,33.889651799,130.709355124,62.0964,1,20,282,420.75107027464725,5.284851946963065,-0.01592156302457637,-84.15021405492945
2021/01/30,07:41:41.000,33.889651680,130.709354946,62.0965,1,20,288,382.3968396354183,5.304411764744237,-0.014417068744304373,-76.47936792708366
2021/01/30,07:41:41.200,33.889651516,130.709354779,62.0983,1,20,304,318.6260031066765,5.324462172931938,-0.011967811226921476,-63.7252006213353
2021/01/30,07:41:41.400,33.889651548,130.709354557,62.0957,1,20,277,366.5606953432797,5.343068081138255,-0.013720120680388526,-73.31213906865594
2021/01/30,07:41:41.600,33.889651397,130.709354410,62.0966,1,20,221,306.9035684403269,5.360938312246117,-0.011449121051791966,-61.380713688065384
2021/01/30,07:41:41.800,33.889651224,130.709354286,62.0986,1,20,154,232.36899890104235,5.377521910637918,-0.008642018310574873,-46.473799780208466
2021/01/30,07:41:42.000,33.889651198,130.709354057,62.0966,1,20,75,250.49092554438928,5.398602235259271,-0.009279577365274072,-50.09818510887786
2021/01/30,07:41:42.200,33.889651125,130.709353786,62.0984,1,20,-17,249.52286303517633,5.424926616966436,-0.009198864518500383,-49.90457260703526
2021/01/30,07:41:42.400,33.889651062,130.709353609,62.0973,1,20,-44,240.7591950958361,5.442619883655982,-0.008846949407505189,-48.15183901916722
2021/01/30,07:41:42.600,33.889651083,130.709353349,62.0949,1,20,-37,288.1477479507057,5.464912356260777,-0.010544984026432225,-57.629549590141146
2021/01/30,07:41:42.800,33.889651015,130.709353205,62.0965,1,20,-42,272.12984228566063,5.479849074791609,-0.009931693045454715,-54.42596845713212
2021/01/30,07:41:43.000,33.889650950,130.709352999,62.0958,1,20,-34,266.34696018997226,5.500168705871178,-0.009684744127241185,-53.26939203799446
2021/01/30,07:41:43.200,33.889650914,130.709352762,62.0958,1,20,-39,280.2770438760127,5.522284568156994,-0.010150415633792598,-56.05540877520255
2021/01/30,07:41:43.400,33.889650877,130.709352536,62.0982,1,20,-34,292.14315493068517,5.54346175167004,-0.010539707869199333,-58.42863098613703
2021/01/30,07:41:43.600,33.889650855,130.709352318,62.0961,1,20,-32,310.85569230017165,5.563446445799058,-0.011174467355918871,-62.17113846003433
2021/01/30,07:41:43.800,33.889650858,130.709352106,62.0974,1,20,-29,342.0017864918675,5.58209524174335,-0.012252914225051814,-68.4003572983735
2021/01/30,07:41:44.000,33.889650824,130.709351908,62.0971,1,20,-37,351.55760296966946,5.600703652828235,-0.012553391770808275,-70.31152059393389
2021/01/30,07:41:44.200,33.889650775,130.709351688,62.0966,1,20,-39,356.2185349413601,5.62174184682123,-0.012672210025624242,-71.24370698827201
2021/01/30,07:41:44.400,33.889650724,130.709351462,62.0982,1,20,-42,360.65433964779976,5.643375273723782,-0.012780815891294317,-72.13086792955995
2021/01/30,07:41:44.600,33.889650702,130.709351270,62.1001,1,20,-42,375.74354643187826,5.6610676394399615,-0.013273873479995313,-75.14870928637565
2021/01/30,07:41:44.800,33.889650682,130.709351043,62.0961,1,20,-44,396.77422300556657,5.681794003200835,-0.013965604070950377,-79.35484460111331
2021/01/30,07:41:45.000,33.889650685,130.709350805,62.0962,1,20,-62,431.54856375014907,5.702760752602396,-0.015133569049910811,-86.30971275002982
2021/01/30,07:41:45.200,33.889650629,130.709350588,62.0974,1,20,-49,432.07559891452865,5.72375881108871,-0.015096470303531007,-86.41511978290573
2021/01/30,07:41:45.400,33.889650583,130.709350401,62.1000,1,20,-47,433.72846740868744,5.741781716912551,-0.015106651364762858,-86.74569348173749
2021/01/30,07:41:45.600,33.889650574,130.709350179,62.1003,1,20,-55,459.90313151130795,5.761721724196739,-0.015962730947753023,-91.98062630226158
2021/01/30,07:41:45.800,33.889650541,130.709349950,62.1011,1,20,-55,474.31347408019354,5.783049316961251,-0.016402105969264724,-94.86269481603871
2021/01/30,07:41:46.000,33.889650539,130.709349705,62.0990,1,20,-47,507.41310597260116,5.804810734220091,-0.017480722241828506,-101.48262119452023
2021/01/30,07:41:46.200,33.889650564,130.709349483,62.0949,1,20,-55,551.6428697080853,5.823688033141301,-0.018942528684146254,-110.32857394161705
2021/01/30,07:41:46.400,33.889650544,130.709349248,62.0977,1,20,-62,573.7945531510384,5.845145290492151,-0.019630678665579104,-114.75891063020767
2021/01/30,07:41:46.600,33.889650471,130.709349043,62.0981,1,20,-62,563.6213645416855,5.865614417731138,-0.019215446274733594,-112.7242729083371
2021/01/30,07:41:46.800,33.889650431,130.709348845,62.1003,1,20,-62,569.9940185258614,5.884423120723154,-0.019370555593901884,-113.99880370517228
2021/01/30,07:41:47.000,33.889650431,130.709348610,62.0974,1,20,-62,602.7661299855519,5.905253550171277,-0.020411737127902452,-120.55322599711037
2021/01/30,07:41:47.200,33.889650430,130.709348398,62.0994,1,20,-67,631.8013967488693,5.924082021899284,-0.02132670022091432,-126.36027934977385
2021/01/30,07:41:47.400,33.889650413,130.709348200,62.1010,1,20,-67,650.3886670824795,5.942173361018511,-0.021887103221285287,-130.0777334164959
2021/01/30,07:41:47.600,33.889650407,130.709347994,62.1056,1,20,-72,675.9342106052779,5.960633276956475,-0.022676058710159985,-135.18684212105558
2021/01/30,07:41:47.800,33.889650386,130.709347776,62.1032,1,20,-80,695.188249237966,5.9806280352514705,-0.023243814630832915,-139.0376498475932
2021/01/30,07:41:48.000,33.889650363,130.709347580,62.1057,1,20,-67,710.3119607299703,5.998734524794873,-0.02367763440817905,-142.06239214599407
2021/01/30,07:41:48.200,33.889650340,130.709347362,62.1039,1,20,-62,728.5049091875954,6.018794656388512,-0.024202940846998366,-145.7009818375191
2021/01/30,07:41:48.400,33.889650312,130.709347171,62.1048,1,20,41,740.2762663570446,6.036614626782131,-0.024521289884918307,-148.05525327140893
2021/01/30,07:41:48.600,33.889650242,130.709346983,62.1022,1,20,115,729.3211355745273,6.055469848780706,-0.024083354200830964,-145.86422711490545
2021/01/30,07:41:48.800,33.889650169,130.709346738,62.1035,1,20,177,724.7239017505432,6.079477560508577,-0.023837134834642004,-144.94478035010863
2021/01/30,07:41:49.000,33.889650116,130.709346546,62.1049,1,20,299,723.3562946255888,6.098161327391474,-0.023719301475439103,-144.67125892511777
2021/01/30,07:41:49.200,33.889649932,130.709346366,62.1057,1,20,307,650.7445191180045,6.119866729054776,-0.02126341865326431,-130.1489038236009
2021/01/30,07:41:49.400,33.889649917,130.709346157,62.1076,1,20,313,671.928006546739,6.138870921831034,-0.02188743545087357,-134.3856013093478
2021/01/30,07:41:49.600,33.889649788,130.709346009,62.1086,1,20,321,624.0666585332085,6.156036537395501,-0.020272172310458192,-124.81333170664169
2021/01/30,07:41:49.800,33.889649656,130.709345821,62.1105,1,20,313,580.19520075177,6.1768572703581395,-0.01878388753828064,-116.039040150354
2021/01/30,07:41:50.000,33.889649645,130.709345639,62.1112,1,20,277,599.7344526424818,6.193332932098553,-0.019364677868462632,-119.94689052849635
2021/01/30,07:41:50.200,33.889649478,130.709345480,62.1066,1,20,208,533.2396245398166,6.212703186793058,-0.017164420712443285,-106.64792490796333
2021/01/30,07:41:50.400,33.889649400,130.709345302,62.1102,1,20,159,516.6489034644646,6.230946226967093,-0.016581800960956627,-103.32978069289292
2021/01/30,07:41:50.600,33.889649317,130.709345103,62.1104,1,20,51,500.33232753865263,6.251210053628958,-0.016006168231947004,-100.06646550773053
2021/01/30,07:41:50.800,33.889649199,130.709344884,62.1082,1,20,-37,468.22483954270837,6.274365047140107,-0.0149239030259527,-93.64496790854167
2021/01/30,07:41:51.000,33.889649169,130.709344719,62.1094,1,20,-20,475.3040134228388,6.289928966445348,-0.015112025371254667,-95.06080268456776
2021/01/30,07:41:51.200,33.889649143,130.709344466,62.1094,1,20,-12,496.77610194335523,6.313155596099642,-0.015736507262684718,-99.35522038867104
2021/01/30,07:41:51.400,33.889649091,130.709344258,62.1083,1,20,-10,498.1717370678137,6.333229118684131,-0.015730700259560138,-99.63434741356274
2021/01/30,07:41:51.600,33.889649037,130.709344051,62.1114,1,20,-10,498.3662065239597,6.353277928332228,-0.01568718796341484,-99.67324130479194
2021/01/30,07:41:51.800,33.889648990,130.709343868,62.1090,1,20,-29,498.9305114076627,6.3709786589565685,-0.015661321294245134,-99.78610228153255
2021/01/30,07:41:52.000,33.889648937,130.709343654,62.1123,1,20,-29,500.63183163092435,6.391615268189549,-0.015663986797306517,-100.12636632618486
2021/01/30,07:41:52.200,33.889648931,130.709343457,62.1130,1,20,-34,524.9139825929727,6.409248585087391,-0.016378426838202564,-104.98279651859455
2021/01/30,07:41:52.400,33.889648880,130.709343224,62.1126,1,20,-37,530.3262643935868,6.431503974999841,-0.01649002151495882,-106.06525287871736
2021/01/30,07:41:52.600,33.889648835,130.709342992,62.1148,1,20,-32,538.7844844615789,6.453480041291289,-0.016695935131513906,-107.7568968923158
2021/01/30,07:41:52.800,33.889648822,130.709342773,62.1118,1,20,-47,562.4190335763036,6.473288789137762,-0.017374860146745608,-112.48380671526071
2021/01/30,07:41:53.000,33.889648790,130.709342553,62.1130,1,20,-29,576.1062218353509,6.4937909269263185,-0.017741432771227306,-115.22124436707018
2021/01/30,07:41:53.200,33.889648762,130.709342344,62.1128,1,20,-22,590.3834968950384,6.513192794496184,-0.018126864987149993,-118.07669937900769
2021/01/30,07:41:53.400,33.889648739,130.709342116,62.1117,1,20,-22,609.9652364118457,6.534121130623668,-0.018667985065861092,-121.99304728236915
2021/01/30,07:41:53.600,33.889648727,130.709341909,62.1119,1,20,-20,632.4596611803518,6.552843438418641,-0.019300968472441227,-126.49193223607035
2021/01/30,07:41:53.800,33.889648707,130.709341683,62.1143,1,20,-22,653.3566137449666,6.573504214643047,-0.019875869975160665,-130.6713227489933
2021/01/30,07:41:54.000,33.889648652,130.709341477,62.1169,1,20,-27,652.8802917617516,6.593494541241801,-0.019801183025356384,-130.57605835235032
2021/01/30,07:41:54.200,33.889648637,130.709341268,62.1182,1,20,-27,674.0619997789443,6.612493042778103,-0.020384705952909865,-134.81239995578886
2021/01/30,07:41:54.400,33.889648618,130.709341066,62.1186,1,20,-27,692.1440654073591,6.630998524550013,-0.020872981402060287,-138.42881308147182
2021/01/30,07:41:54.600,33.889648581,130.709340856,62.1182,1,20,-27,701.7838173012196,6.6507787305741966,-0.021100676744674196,-140.35676346024394
2021/01/30,07:41:54.800,33.889648558,130.709340638,62.1154,1,20,-29,719.9739520456945,6.670830591723579,-0.021582384708510816,-143.99479040913891
2021/01/30,07:41:55.000,33.889648525,130.709340455,62.1167,1,20,-32,727.9725190817084,6.688092207361654,-0.021765775175950797,-145.59450381634167
2021/01/30,07:41:55.200,33.889648464,130.709340233,62.1197,1,20,-34,726.5411497426277,6.709688188358181,-0.0216530955818528,-145.30822994852554
2021/01/30,07:41:55.400,33.889648439,130.709340055,62.1184,1,20,-20,738.0908054830144,6.726256436029166,-0.021943033125059408,-147.61816109660288
2021/01/30,07:41:55.600,33.889648411,130.709339862,62.1207,1,20,-32,750.1395809995352,6.744249400197509,-0.022241641337556572,-150.02791619990703
2021/01/30,07:41:55.800,33.889648359,130.709339629,62.1205,1,20,-34,755.0218984199387,6.766539806776306,-0.022312633015682426,-151.00437968398774
2021/01/30,07:41:56.000,33.889648345,130.709339420,62.1172,1,20,-39,776.737759293835,6.785516740360763,-0.022889991332425197,-155.347551858767
2021/01/30,07:41:56.200,33.889648298,130.709339231,62.1173,1,20,-39,778.1384632355732,6.8037481317579545,-0.022869829406358733,-155.62769264711466
2021/01/30,07:41:56.400,33.889648302,130.709339012,62.1117,1,20,-39,810.8100156175103,6.823055410044421,-0.023762298678542848,-162.16200312350207
2021/01/30,07:41:56.600,33.889648261,130.709338825,62.1177,1,20,-39,815.1184291140826,6.840922912173886,-0.023826147148829246,-163.0236858228165
2021/01/30,07:41:56.800,33.889648258,130.709338622,62.1194,1,20,-37,841.842016403238,6.859032464432196,-0.02454203262561805,-168.36840328064758
2021/01/30,07:41:57.000,33.889648241,130.709338386,62.1190,1,20,-32,865.733970428005,6.880507696543767,-0.02515951818191553,-173.14679408560102
2021/01/30,07:41:57.200,33.889648196,130.709338179,62.1202,1,20,-44,870.7079382047775,6.900274924616311,-0.025231549948888432,-174.1415876409555
2021/01/30,07:41:57.400,33.889648179,130.709337940,62.1119,1,20,-39,895.0195172784589,6.922019449100595,-0.025854307146577327,-179.00390345569178
2021/01/30,07:41:57.600,33.889648138,130.709337737,62.1143,1,20,0,901.5604125695778,6.941308570240631,-0.02597082951473695,-180.31208251391556
2021/01/30,07:41:57.800,33.889648105,130.709337535,62.1189,1,20,31,912.2115645755384,6.960262630047203,-0.02620598623727366,-182.4423129151077
2021/01/30,07:41:58.000,33.889648056,130.709337327,62.1202,1,20,51,915.2003595755566,6.980242305123271,-0.026216587753794318,-183.04007191511133
2021/01/30,07:41:58.200,33.889648009,130.709337118,62.1231,1,20,73,919.3911038164308,7.000249214785067,-0.026261343295239215,-183.87822076328615
2021/01/30,07:41:58.400,33.889647956,130.709336905,62.1231,1,20,120,920.9525795233119,7.0207960476741444,-0.026228973780911602,-184.1905159046624
2021/01/30,07:41:58.600,33.889647927,130.709336641,62.1116,1,20,182,942.3788459896273,7.045133978342534,-0.026746237173443266,-188.47576919792544
2021/01/30,07:41:58.800,33.889647855,130.709336431,62.1194,1,20,279,933.4282736773979,7.0659984969758725,-0.026414134609617612,-186.68565473547957
2021/01/30,07:41:59.000,33.889647760,130.709336267,62.1178,1,20,318,905.8429436479422,7.083488331319068,-0.025570607655641453,-181.16858872958844
2021/01/30,07:41:59.200,33.889647677,130.709336085,62.1200,1,20,321,887.1444833015538,7.102209831523015,-0.02497701460816293,-177.42889666031076
2021/01/30,07:41:59.400,33.889647610,130.709335854,62.1208,1,20,318,883.7807393347466,7.124787800005556,-0.024803531508950094,-176.75614786694933
2021/01/30,07:41:59.600,33.889647425,130.709335706,62.1201,1,20,344,806.1680271672084,7.143666697407827,-0.022566315386947977,-161.23360543344168
2021/01/30,07:41:59.800,33.889647318,130.709335564,62.1186,1,20,338,769.1500744496452,7.15960358429228,-0.02148252319118793,-153.83001488992903
2021/01/30,07:42:00.000,33.889647301,130.709335379,62.1197,1,20,302,785.9243191267346,7.176542270871014,-0.021899088730642724,-157.18486382534692
2021/01/30,07:42:00.200,33.889647075,130.709335223,62.1246,1,20,234,687.6728276392693,7.197468404847075,-0.019106416518250402,-137.53456552785386
2021/01/30,07:42:00.400,33.889647036,130.709335076,62.1254,1,20,154,687.4644590408211,7.2117257984193435,-0.01906287629124126,-137.49289180816422
2021/01/30,07:42:00.600,33.889646903,130.709334864,62.1269,1,20,88,646.4115197192191,7.234714352635039,-0.017867816084629062,-129.28230394384383
2021/01/30,07:42:00.800,33.889646892,130.709334629,62.1250,1,20,31,673.3403962158563,7.255882508398813,-0.018557717732570644,-134.66807924317126
2021/01/30,07:42:01.000,33.889646760,130.709334518,62.1238,1,20,16,618.7364968956846,7.26989812371054,-0.017020231599102598,-123.74729937913692
2021/01/30,07:42:01.200,33.889646767,130.709334290,62.1227,1,20,26,654.2447819519987,7.289871643379974,-0.01794749113980787,-130.84895639039974
2021/01/30,07:42:01.400,33.889646717,130.709334083,62.1234,1,20,4,656.5627902722795,7.309793105711521,-0.01796199070556126,-131.3125580544559
2021/01/30,07:42:01.600,33.889646626,130.709333910,62.1249,1,20,-39,632.3722582581563,7.328002747942517,-0.017257348335884437,-126.47445165163127
2021/01/30,07:42:01.800,33.889646604,130.709333697,62.1245,1,20,-10,650.3924623111366,7.347567460810353,-0.01770176402834789,-130.0784924622273
2021/01/30,07:42:02.000,33.889646524,130.709333479,62.1232,1,20,16,638.3168457858392,7.369414724153455,-0.01732167419312214,-127.66336915716784
2021/01/30,07:42:02.200,33.889646508,130.709333284,62.1193,1,20,26,657.0127164882239,7.387194989965031,-0.017786004990700377,-131.40254329764477
2021/01/30,07:42:02.400,33.889646446,130.709333081,62.1179,1,20,21,652.4019227703409,7.4071424496435885,-0.01761366028879463,-130.48038455406817
2021/01/30,07:42:02.600,33.889646371,130.709332902,62.1234,1,20,12,637.5428894563042,7.42537699457087,-0.017170312976726,-127.50857789126086
2021/01/30,07:42:02.800,33.889646308,130.709332682,62.1237,1,20,-27,634.7717966506978,7.446862606534231,-0.017046381682693124,-126.95435933013954
2021/01/30,07:42:03.000,33.889646282,130.709332493,62.1234,1,20,-39,647.3216688001152,7.464427724957173,-0.017342435218896668,-129.46433376002304
2021/01/30,07:42:03.200,33.889646243,130.709332281,62.1269,1,20,-39,656.1768902415223,7.4844430404843285,-0.017532624688375797,-131.23537804830445
2021/01/30,07:42:03.400,33.889646178,130.709332094,62.1223,1,20,-39,647.7424653271447,7.503068875925993,-0.017264351956515434,-129.54849306542894
2021/01/30,07:42:03.600,33.889646170,130.709331878,62.1218,1,20,-32,673.6139101875751,7.522455754683582,-0.01790750058482038,-134.72278203751503
2021/01/30,07:42:03.800,33.889646157,130.709331676,62.1184,1,20,7,694.8792433686584,7.5407633439740005,-0.01842785810447456,-138.9758486737317
2021/01/30,07:42:04.000,33.889646165,130.709331417,62.1219,1,20,21,735.2440571314667,7.5634621340992085,-0.019439548357388592,-147.04881142629333
2021/01/30,07:42:04.200,33.889646093,130.709331217,62.1236,1,20,16,724.9046799669554,7.583456965876797,-0.019115724795306654,-144.98093599339109
2021/01/30,07:42:04.400,33.889646010,130.709331011,62.1197,1,20,14,709.5617648503453,7.6043317037011064,-0.018659875351450417,-141.91235297006907
2021/01/30,07:42:04.600,33.889645974,130.709330825,62.1192,1,20,16,716.3847047213585,7.621950224329116,-0.018795723413982834,-143.2769409442717
2021/01/30,07:42:04.800,33.889645912,130.709330595,62.1203,1,20,12,715.5386127821384,7.644288806705333,-0.01871868153141598,-143.1077225564277
2021/01/30,07:42:05.000,33.889645880,130.709330383,62.1210,1,20,0,728.1110570066944,7.66408511267368,-0.018998313398652655,-145.6222114013389
2021/01/30,07:42:05.200,33.889645788,130.709330154,62.1199,1,20,-27,711.1970058407942,7.687282622087435,-0.018501098335749866,-142.23940116815885
2021/01/30,07:42:05.400,33.889645724,130.709329987,62.1194,1,20,-37,700.5041252850499,7.704102934381941,-0.018183218140369384,-140.10082505700998
2021/01/30,07:42:05.600,33.889645723,130.709329751,62.1213,1,20,-34,732.8824034276664,7.72504548987332,-0.018971913437547006,-146.57648068553328
2021/01/30,07:42:05.800,33.889645694,130.709329490,62.1192,1,20,0,753.8810381554691,7.749090449460794,-0.019454823207709193,-150.77620763109383
2021/01/30,07:42:06.000,33.889645648,130.709329286,62.1209,1,20,7,757.9046155437563,7.768620134989334,-0.01950947381027701,-151.58092310875128
2021/01/30,07:42:06.200,33.889645621,130.709329068,62.1180,1,20,12,773.9691966288923,7.7887926063311586,-0.019871303833246312,-154.79383932577846
2021/01/30,07:42:06.400,33.889645565,130.709328844,62.1189,1,20,29,775.4720893112174,7.8104098959297685,-0.01985478858772627,-155.09441786224346
2021/01/30,07:42:06.600,33.889645538,130.709328643,62.1152,1,20,9,789.1661683312523,7.829076319695287,-0.02015714883874331,-157.83323366625046
2021/01/30,07:42:06.800,33.889645497,130.709328412,62.1192,1,20,7,799.6102181079146,7.8508427628945165,-0.020367231221690485,-159.92204362158293
2021/01/30,07:42:07.000,33.889645437,130.709328217,62.1204,1,20,7,794.9447923103854,7.870014818450336,-0.02019911509919936,-158.98895846207708
2021/01/30,07:42:07.200,33.889645394,130.709328050,62.1213,1,20,7,795.4014984866019,7.8861705375962705,-0.02016932387895265,-159.08029969732038
2021/01/30,07:42:07.400,33.889645351,130.709327833,62.1245,1,20,9,802.8311273726796,7.906758702649841,-0.0203046741194024,-160.5662254745359
2021/01/30,07:42:07.600,33.889645354,130.709327591,62.1215,1,20,2,838.1740696171203,7.92812074159381,-0.021141181356095995,-167.63481392342405
2021/01/30,07:42:07.800,33.889645311,130.709327424,62.1198,1,20,7,838.6307050889383,7.94427623268208,-0.021109692233093558,-167.72614101778765
2021/01/30,07:42:08.000,33.889645281,130.709327217,62.1248,1,20,9,851.5693932604579,7.963571580599838,-0.02138336016345388,-170.31387865209157
2021/01/30,07:42:08.200,33.889645248,130.709326987,62.1173,1,20,2,866.1229557559273,7.985001129488983,-0.021690344406038786,-173.22459115118545
2021/01/30,07:42:08.400,33.889645216,130.709326808,62.1203,1,20,2,874.0947241892264,8.00187684229384,-0.021843767710264306,-174.8189448378453
2021/01/30,07:42:08.600,33.889645174,130.709326602,62.1218,1,20,2,880.5217625784297,8.021459887058889,-0.02195062619108601,-176.10435251568595
2021/01/30,07:42:08.800,33.889645129,130.709326384,62.1220,1,20,4,887.029337554921,8.042201075655688,-0.022055790209901893,-177.4058675109842
2021/01/30,07:42:09.000,33.889645053,130.709326196,62.1227,1,20,4,872.8901234573692,8.06125023943736,-0.021653060595509643,-174.57802469147384
2021/01/30,07:42:09.200,33.889645016,130.709325991,62.1261,1,20,-2,881.8328869624406,8.080588136521495,-0.02182249324215846,-176.36657739248813
2021/01/30,07:42:09.400,33.889644959,130.709325827,62.1208,1,20,4,874.4364135006184,8.096915173585979,-0.02159589053164135,-174.88728270012368
2021/01/30,07:42:09.600,33.889644897,130.709325639,62.1241,1,20,4,867.7321202462576,8.115527433319976,-0.02138123229524247,-173.54642404925153
2021/01/30,07:42:09.800,33.889644888,130.709325420,62.1260,1,20,4,893.4967016874591,8.135231226617671,-0.0219625727022148,-178.69934033749183
2021/01/30,07:42:10.000,33.889644804,130.709325227,62.1286,1,20,0,875.8066103121296,8.154974406003074,-0.021475774645243195,-175.1613220624259
2021/01/30,07:42:10.200,33.889644764,130.709325030,62.1236,1,20,2,882.0404055339052,8.173696413627637,-0.021579061603193228,-176.40808110678103
2021/01/30,07:42:10.400,33.889644730,130.709324834,62.1248,1,20,2,891.3210366046021,8.192142218084557,-0.02175695607669148,-178.26420732092043
2021/01/30,07:42:10.600,33.889644639,130.709324642,62.1241,1,20,2,869.7745274269242,8.212016767202051,-0.021179802539000647,-173.95490548538484
2021/01/30,07:42:10.800,33.889644660,130.709324443,62.1287,1,20,0,908.6809590940055,8.229008354279777,-0.02208123336442558,-181.7361918188011
2021/01/30,07:42:11.000,33.889644551,130.709324203,62.1304,1,20,0,884.2697627021811,8.25370135862061,-0.02142395105164452,-176.8539525404362
2021/01/30,07:42:11.200,33.889644476,130.709324032,62.1296,1,20,-2,868.2913208117295,8.271213825098064,-0.02099241511062777,-173.65826416234592
2021/01/30,07:42:11.400,33.889644450,130.709323834,62.1326,1,20,0,882.0988486298645,8.289585561071886,-0.021278885479847354,-176.4197697259729
2021/01/30,07:42:11.600,33.889644430,130.709323610,62.1271,1,20,-2,902.7190748064907,8.31007614974276,-0.021722474418471194,-180.54381496129812
2021/01/30,07:42:11.800,33.889644364,130.709323407,62.1251,1,20,-2,895.9825932461848,8.330143580505672,-0.021508498987403257,-179.19651864923696
2021/01/30,07:42:12.000,33.889644297,130.709323221,62.1211,1,20,-2,886.3442627499669,8.348735215723217,-0.021229828847905363,-177.26885254999337
2021/01/30,07:42:12.200,33.889644280,130.709322992,62.1253,1,20,-5,909.2549216526817,8.369575245376296,-0.021724205882298175,-181.85098433053633
2021/01/30,07:42:12.400,33.889644206,130.709322798,62.1263,1,20,-15,897.0149261008928,8.389094917617216,-0.02138200195979767,-179.40298522017855
2021/01/30,07:42:12.600,33.889644199,130.709322561,62.1251,1,20,-7,926.3521157051687,8.410332693245506,-0.02202534307846271,-185.27042314103375
2021/01/30,07:42:12.800,33.889644142,130.709322330,62.1209,1,20,-10,928.3001597801978,8.432601759627932,-0.022013376973083254,-185.66003195603955
2021/01/30,07:42:13.000,33.889644117,130.709322132,62.1209,1,20,-10,942.6395332965723,8.450944690784397,-0.0223048011845961,-188.52790665931445
2021/01/30,07:42:13.200,33.889644099,130.709321901,62.1177,1,20,-10,965.2995238497651,8.471997717737501,-0.022784059130662726,-193.05990476995302
2021/01/30,07:42:13.400,33.889644057,130.709321729,62.1120,1,20,2,966.9844980665067,8.488565195704744,-0.022779285197150223,-193.39689961330134
2021/01/30,07:42:13.600,33.889643994,130.709321515,62.1126,1,20,-12,963.3748799801126,8.509513030160083,-0.0226384352383584,-192.6749759960225
2021/01/30,07:42:13.800,33.889643990,130.709321292,62.1167,1,20,-12,992.354860296274,8.529422051671947,-0.023264784188384624,-198.4709720592548
2021/01/30,07:42:14.000,33.889643971,130.709321077,62.1223,1,20,-15,1012.2532559648403,8.549090176952054,-0.02367653350002108,-202.45065119296805
2021/01/30,07:42:14.200,33.889643928,130.709320889,62.1203,1,20,-15,1015.6389067454899,8.567108487358752,-0.023705749746614213,-203.12778134909797
2021/01/30,07:42:14.400,33.889643881,130.709320704,62.1172,1,20,-15,1016.4816196201875,8.584984808025544,-0.02367602748771258,-203.2963239240375
2021/01/30,07:42:14.600,33.889643869,130.709320469,62.1150,1,20,-17,1042.8883284831861,8.606212338251195,-0.024230966479868332,-208.5776656966372
2021/01/30,07:42:14.800,33.889643826,130.709320255,62.1170,1,20,-15,1049.9008641256771,8.62653839808233,-0.02433638004690808,-209.98017282513544
2021/01/30,07:42:15.000,33.889643791,130.709320061,62.1173,1,20,-20,1058.3727153551101,8.644841587329367,-0.024480755743573113,-211.67454307102204
2021/01/30,07:42:15.200,33.889643738,130.709319845,62.1233,1,20,-20,1060.3528134055832,8.665655063710624,-0.02446765300698317,-212.07056268111663
2021/01/30,07:42:15.400,33.889643718,130.709319648,62.1214,1,20,-22,1077.2105934641324,8.683760495497879,-0.0248046836161131,-215.44211869282648
2021/01/30,07:42:15.600,33.889643681,130.709319467,62.1215,1,20,-22,1082.8068324920687,8.700972103253314,-0.02488419249650331,-216.56136649841375
2021/01/30,07:42:15.800,33.889643649,130.709319276,62.1216,1,20,-5,1092.4539456156745,8.718916914581422,-0.025054152141406494,-218.4907891231349
2021/01/30,07:42:16.000,33.889643607,130.709319057,62.1211,1,20,-22,1100.6954402995948,8.739656699519376,-0.025183203038432467,-220.13908805991895
2021/01/30,07:42:16.200,33.889643583,130.709318862,62.1196,1,20,-22,1115.1502278344194,8.757710096675591,-0.02546120461185053,-223.0300455668839
2021/01/30,07:42:16.400,33.889643584,130.709318670,62.1163,1,20,-27,1142.4668926102222,8.774727240531181,-0.026034057558446566,-228.49337852204445
2021/01/30,07:42:16.600,33.889643533,130.709318476,62.1192,1,20,-27,1142.4401139449815,8.793525341716519,-0.02597782043439878,-228.48802278899632
2021/01/30,07:42:16.800,33.889643507,130.709318259,62.1222,1,20,-27,1158.9024817479535,8.813595931641926,-0.026292002503581102,-231.78049634959072
2021/01/30,07:42:17.000,33.889643488,130.709318074,62.1221,1,20,-32,1174.6193234729715,8.830610145260158,-0.02659708251133619,-234.9238646945943
2021/01/30,07:42:17.200,33.889643502,130.709317847,62.1194,1,20,-22,1213.7280052055328,8.8503433210338,-0.027420942713018537,-242.74560104110657
2021/01/30,07:42:17.400,33.889643475,130.709317627,62.1207,1,20,19,1230.0792707491137,8.870715027671448,-0.027726379262105638,-246.01585414982276
2021/01/30,07:42:17.600,33.889643436,130.709317398,62.1213,1,20,51,1241.3110989961153,8.892254376021032,-0.027911678570791132,-248.26221979922306
2021/01/30,07:42:17.800,33.889643380,130.709317203,62.1254,1,20,39,1238.7670138933242,8.911293433315407,-0.027795022083041854,-247.75340277866485
2021/01/30,07:42:18.000,33.889643317,130.709316992,62.1255,1,20,-7,1234.736440985902,8.93196848375574,-0.027640535931551025,-246.9472881971804
2021/01/30,07:42:18.200,33.889643282,130.709316792,62.1261,1,20,-39,1244.0470307551805,8.950808745757753,-0.027790265458539132,-248.80940615103611
2021/01/30,07:42:18.400,33.889643252,130.709316591,62.1288,1,20,-20,1256.1537153049665,8.969585063707639,-0.028001861195158906,-251.2307430609933
2021/01/30,07:42:18.600,33.889643176,130.709316374,62.1224,1,20,9,1246.0534572261454,8.991190938281711,-0.027710111418023153,-249.2106914452291
2021/01/30,07:42:18.800,33.889643118,130.709316188,62.1247,1,20,75,1241.1911676406783,9.009491945029243,-0.027545997669196964,-248.23823352813565
2021/01/30,07:42:19.000,33.889643081,130.709315981,62.1266,1,20,122,1250.415831440271,9.029015225887612,-0.0276906437593607,-250.0831662880542
2021/01/30,07:42:19.200,33.889642989,130.709315721,62.1284,1,20,218,1237.815138839711,9.054932339099343,-0.027333321014550993,-247.56302776794217
2021/01/30,07:42:19.400,33.889642913,130.709315523,62.1255,1,20,321,1225.0647112414813,9.074852298354338,-0.026992553266623087,-245.01294224829627
2021/01/30,07:42:19.600,33.889642812,130.709315306,62.1251,1,20,350,1201.684668674628,9.097229540368689,-0.026412551413437235,-240.3369337349256
2021/01/30,07:42:19.800,33.889642722,130.709315168,62.1271,1,20,350,1173.127927308236,9.112256060607137,-0.02574266504456002,-234.6255854616472
2021/01/30,07:42:20.000,33.889642578,130.709314980,62.1242,1,20,362,1122.8648999448396,9.133395537182878,-0.024583161693244815,-224.57297998896792
2021/01/30,07:42:20.200,33.889642490,130.709314863,62.1249,1,20,347,1092.4453165345344,9.146507474848663,-0.023883161947749088,-218.48906330690687
2021/01/30,07:42:20.400,33.889642358,130.709314662,62.1230,1,20,316,1050.3756905043826,9.168446055854629,-0.02290883159167656,-210.07513810087653
2021/01/30,07:42:20.600,33.889642248,130.709314510,62.1269,1,20,244,1013.1581024132892,9.185360020550412,-0.022056703166100533,-202.63162048265784
2021/01/30,07:42:20.800,33.889642173,130.709314364,62.1253,1,20,175,993.6921632753647,9.200653018137587,-0.02159711183177171,-198.73843265507293
2021/01/30,07:42:21.000,33.889642032,130.709314156,62.1227,1,20,107,947.8264627960453,9.223514985901497,-0.020549498620371143,-189.56529255920907
2021/01/30,07:42:21.200,33.889641999,130.709313925,62.1232,1,20,7,962.5188223343406,9.245031100148243,-0.020819394566966132,-192.50376446686812
2021/01/30,07:42:21.400,33.889641962,130.709313718,62.1216,1,20,-106,971.7401404953835,9.264545171404626,-0.02097453504222857,-194.34802809907669
2021/01/30,07:42:21.600,33.889641874,130.709313499,62.1212,1,20,-228,955.5532158246943,9.286722800165279,-0.020576006866290797,-191.11064316493886
2021/01/30,07:42:21.800,33.889641880,130.709313238,62.1219,1,20,-329,995.1395680094616,9.309677171665008,-0.021375349186603998,-199.02791360189232
2021/01/30,07:42:22.000,33.889641832,130.709313028,62.1245,1,20,-410,998.9381259970455,9.32980231316517,-0.02141064611683685,-199.7876251994091
2021/01/30,07:42:22.200,33.889641911,130.709312849,62.1250,1,20,-431,1065.8577611355427,9.34321243112829,-0.022811701673616902,-213.17155222710855
2021/01/30,07:42:22.400,33.889641916,130.709312631,62.1280,1,20,-399,1098.9205595111525,9.36239880649155,-0.02347088140244269,-219.7841119022305
2021/01/30,07:42:22.600,33.889641983,130.709312428,62.1263,1,20,-342,1162.8235399670607,9.378337445594266,-0.024792992943817538,-232.56470799341213
2021/01/30,07:42:22.800,33.889642039,130.709312220,62.1212,1,20,-291,1221.586820781527,9.395075263141933,-0.025998973540372283,-244.3173641563054
2021/01/30,07:42:23.000,33.889642001,130.709312021,62.1205,1,20,-282,1229.163352457597,9.41391688741964,-0.026107816356210733,-245.83267049151942
2021/01/30,07:42:23.200,33.889642031,130.709311825,62.1218,1,20,-243,1272.445423610854,9.430401478057592,-0.02697948071766776,-254.4890847221708
2021/01/30,07:42:23.400,33.889642069,130.709311609,62.1262,1,20,-167,1322.7713300375729,9.44842531402449,-0.0279925123743463,-264.55426600751457
2021/01/30,07:42:23.600,33.889642034,130.709311435,62.1327,1,20,-132,1328.4542889782608,9.464955903250232,-0.028063638858042417,-265.69085779565216
2021/01/30,07:42:23.800,33.889642078,130.709311211,62.1290,1,20,-137,1383.0889797290015,9.483518228997994,-0.029159999654658986,-276.6177959458003
2021/01/30,07:42:24.000,33.889642044,130.709310992,62.1315,1,20,-142,1395.5831430236983,9.504018812891086,-0.029359835032510606,-279.1166286047397
2021/01/30,07:42:24.200,33.889642031,130.709310796,62.1286,1,20,-140,1416.0267008243422,9.521836483850011,-0.029733956715100263,-283.20534016486846
2021/01/30,07:42:24.400,33.889642048,130.709310571,62.1226,1,20,-150,1456.4601586345548,9.541323362963558,-0.030520041244400886,-291.292031726911
2021/01/30,07:42:24.600,33.889642057,130.709310388,62.1247,1,20,-148,1486.7829080103272,9.557323079112525,-0.031102923504724433,-297.35658160206543
2021/01/30,07:42:24.800,33.889642066,130.709310171,62.1286,1,20,-150,1521.852646917507,9.576350096611757,-0.031772867241244285,-304.3705293835014
2021/01/30,07:42:25.000,33.889642082,130.709309935,62.1285,1,20,-134,1563.2971093339688,9.596860889244361,-0.03256782353621146,-312.65942186679376
2021/01/30,07:42:25.200,33.889642045,130.709309723,62.1280,1,20,-142,1573.2225407515446,9.616835301081347,-0.03270642550077962,-314.6445081503089
2021/01/30,07:42:25.400,33.889642076,130.709309524,62.1290,1,20,-142,1617.4790227935023,9.633610572061855,-0.03356729981049522,-323.49580455870046
2021/01/30,07:42:25.600,33.889642085,130.709309301,62.1262,1,20,-150,1653.394087728923,9.653187327267519,-0.03424253050526138,-330.6788175457846
2021/01/30,07:42:25.800,33.889642060,130.709309104,62.1268,1,20,-161,1667.6059665355529,9.671469893760978,-0.03447139693266177,-333.5211933071106
2021/01/30,07:42:26.000,33.889642061,130.709308890,62.1289,1,20,-172,1698.0142720231675,9.69048996463929,-0.035030625935719595,-339.6028544046335
2021/01/30,07:42:26.200,33.889642068,130.709308710,62.1327,1,20,-140,1726.867143225352,9.70630702926735,-0.03556736651062886,-345.3734286450704
2021/01/30,07:42:26.400,33.889642070,130.709308490,62.1274,1,20,-85,1758.648065410618,9.725837600126555,-0.03614870092870781,-351.7296130821236
2021/01/30,07:42:26.600,33.889642064,130.709308287,62.1302,1,20,2,1783.8029753137482,9.744094670751704,-0.03659665892327846,-356.76059506274964
2021/01/30,07:42:26.800,33.889642084,130.709308059,62.1260,1,20,93,1826.2763512234033,9.763810868964752,-0.03739165309482262,-365.2552702446807
2021/01/30,07:42:27.000,33.889642043,130.709307854,62.1322,1,20,130,1833.1003127462996,9.783286176536738,-0.03745659529315981,-366.6200625492599
2021/01/30,07:42:27.200,33.889641984,130.709307624,62.1299,1,20,239,1833.8431519290023,9.805521137735203,-0.03738686830396443,-366.76863038580046
2021/01/30,07:42:27.400,33.889641861,130.709307450,62.1310,1,20,252,1792.733452209387,9.824665233112153,-0.036478356462516626,-358.5466904418774
2021/01/30,07:42:27.600,33.889641778,130.709307223,62.1320,1,20,210,1780.2963539484213,9.847346691814614,-0.03614214404565441,-356.05927078968426
2021/01/30,07:42:27.800,33.889641734,130.709307077,62.1289,1,20,182,1777.2866358845731,9.861656285306422,-0.036028786680873726,-355.45732717691465
2021/01/30,07:42:28.000,33.889641623,130.709306888,62.1310,1,20,134,1744.6577258993666,9.881790014791306,-0.035295896082562894,-348.9315451798733
2021/01/30,07:42:28.200,33.889641605,130.709306678,62.1281,1,20,29,1764.4076834989787,9.901023906414695,-0.0356258337502422,-352.88153669979573
2021/01/30,07:42:28.400,33.889641546,130.709306415,62.1287,1,20,-65,1769.7587023253843,9.926198381599493,-0.03564323647862455,-353.95174046507685
2021/01/30,07:42:28.600,33.889641472,130.709306218,62.1295,1,20,-77,1757.9195754502168,9.94594330655539,-0.03533476606654373,-351.5839150900434
2021/01/30,07:42:28.800,33.889641473,130.709305985,62.1290,1,20,-75,1790.9832058561915,9.966659888914817,-0.03592402503951764,-358.1966411712383
2021/01/30,07:42:29.000,33.889641475,130.709305824,62.1250,1,20,-70,1814.5268708557635,9.980937911778458,-0.03634383653714268,-362.9053741711527
2021/01/30,07:42:29.200,33.889641446,130.709305599,62.1257,1,20,-70,1830.5239949393222,10.001837558500128,-0.036587419213355954,-366.10479898786446
2021/01/30,07:42:29.400,33.889641431,130.709305407,62.1294,1,20,-70,1849.3580102434883,10.019383427137921,-0.03689884974862556,-369.87160204869764
2021/01/30,07:42:29.600,33.889641422,130.709305183,62.1301,1,20,-72,1875.8518834498068,10.039603243455984,-0.03735166408292656,-375.17037668996136
2021/01/30,07:42:29.800,33.889641273,130.709305067,62.1438,1,12,-77,1812.8189206955042,10.054354822367705,-0.03604475470667312,-362.56378413910085
2021/01/30,07:42:30.400,33.889645031,130.709254785,60.8364,2,7,-60,10936.135712117693,14.513684180385043,-0.1495754800608431,-2187.2271424235387
2021/01/30,07:42:30.600,33.889645615,130.709253775,60.7983,2,7,-60,11401.347207092385,14.595927556690675,-0.15497371930106096,-2280.269441418477
2021/01/30,07:42:30.800,33.889644872,130.709261477,61.8246,2,7,-44,9895.665910671407,13.906115963217763,-0.141371655272569,-1979.1331821342812
2021/01/30,07:42:31.000,33.889646153,130.709257829,61.5354,2,7,-60,11118.75229900857,14.216559275846446,-0.15516242920543144,-2223.750459801714
2021/01/30,07:42:31.200,33.889647404,130.709253774,61.1323,2,7,-42,12389.663793383343,14.56730233123704,-0.16848965725073395,-2477.9327586766685
2021/01/30,07:42:31.400,33.889630417,130.709296003,63.5660,2,17,-5,-2689.079420058522,11.223799908216675,0.047880827474129806,537.8158840117044
2021/01/30,07:42:31.600,33.889635177,130.709294121,61.8874,2,17,61,102.29590344210699,11.216923932608466,-0.0018239544213192183,-20.459180688421398
2021/01/30,07:42:31.800,33.889636652,130.709293243,61.3228,2,17,66,1007.567485741082,11.246534012623707,-0.017915913992847088,-201.5134971482164
2021/01/30,07:42:32.000,33.889637330,130.709292483,61.1219,2,17,58,1473.6274533300796,11.292764134439537,-0.026092690707372412,-294.7254906660159
2021/01/30,07:42:32.200,33.889637370,130.709294148,61.6545,2,19,63,1262.6147640745305,11.14374529760853,-0.022656632575507984,-252.52295281490612
2021/01/30,07:42:32.400,33.889637326,130.709295073,62.0326,2,19,63,1110.2415356348454,11.063095099987537,-0.020068389095193595,-222.0483071269691
2021/01/30,07:42:32.600,33.889637264,130.709295773,62.3121,2,19,63,979.7082085964859,11.003021435007723,-0.017806103005063356,-195.94164171929717
2021/01/30,07:42:32.800,33.889637294,130.709296241,62.5271,2,19,58,930.3788184896054,10.960616667354055,-0.016975129786225285,-186.07576369792108
2021/01/30,07:42:33.000,33.889640951,130.709301670,62.1332,1,20,73,2115.9888878879674,10.366550575492415,-0.040800738485575305,-423.19777757759346
2021/01/30,07:42:33.200,33.889640943,130.709301499,62.1377,1,20,66,2135.6209630250023,10.382032405515826,-0.041117523318657145,-427.1241926050005
2021/01/30,07:42:33.400,33.889640935,130.709301261,62.1396,1,20,63,2164.6139340098675,10.40349060158407,-0.041589229128466076,-432.92278680197353
2021/01/30,07:42:33.600,33.889640869,130.709301047,62.1387,1,20,58,2159.3953567180147,10.424499693315537,-0.04140555886730679,-431.8790713436029
2021/01/30,07:42:33.800,33.889640828,130.709300843,62.1400,1,20,61,2166.0810278185463,10.443888206670321,-0.041456590339995714,-433.2162055637093
2021/01/30,07:42:34.000,33.889640813,130.709300658,62.1361,1,20,63,2183.945869094814,10.46082468742979,-0.04173051462447619,-436.7891738189628
2021/01/30,07:42:34.200,33.889640795,130.709300445,62.1360,1,20,66,2204.126900400699,10.48034672285948,-0.04203731946735623,-440.8253800801398
2021/01/30,07:42:34.400,33.889640740,130.709300221,62.1364,1,20,63,2206.15779528469,10.501926763829275,-0.04198964839540631,-441.231559056938
2021/01/30,07:42:34.600,33.889640729,130.709300024,62.1395,1,20,61,2227.8286302693296,10.519818952075173,-0.04232958529555875,-445.56572605386594
2021/01/30,07:42:34.800,33.889640698,130.709299812,62.1401,1,20,61,2240.95352417228,10.53963112664856,-0.04249872078508199,-448.190704834456
2021/01/30,07:42:35.000,33.889640656,130.709299622,62.1364,1,20,63,2245.151338795864,10.557800328747705,-0.042505048715922644,-449.0302677591728
2021/01/30,07:42:35.200,33.889640590,130.709299411,62.1375,1,20,61,2239.5125022364805,10.578540048609181,-0.04231539791499106,-447.9025004472961
2021/01/30,07:42:35.400,33.889640613,130.709299168,62.1361,1,20,63,2285.704467738932,10.599551373985703,-0.04310161420929948,-457.14089354778645
2021/01/30,07:42:35.600,33.889640535,130.709298959,62.1364,1,20,61,2273.3996705442282,10.620459497962907,-0.04278557380943804,-454.67993410884566
2021/01/30,07:42:35.800,33.889640463,130.709298777,62.1342,1,20,63,2260.515825467041,10.638785822671602,-0.0424701951713331,-452.10316509340817
2021/01/30,07:42:36.000,33.889640440,130.709298584,62.1356,1,20,63,2275.2431961712005,10.656671034473995,-0.04267489982440198,-455.04863923424006
2021/01/30,07:42:36.200,33.889640428,130.709298395,62.1367,1,20,63,2295.265603307699,10.673880884964454,-0.042980656758040414,-459.0531206615399
2021/01/30,07:42:36.400,33.889640369,130.709298185,62.1369,1,20,63,2293.211426941825,10.694327392842071,-0.04286023722687382,-458.642285388365
2021/01/30,07:42:36.600,33.889640344,130.709298034,62.1428,1,20,63,2301.0064443603374,10.708524181737378,-0.04294880264405787,-460.20128887206744
2021/01/30,07:42:36.800,33.889640304,130.709297822,62.1422,1,20,66,2309.342602253507,10.728598268545353,-0.04302365467318925,-461.8685204507014
2021/01/30,07:42:37.000,33.889640273,130.709297594,62.1340,1,20,63,2324.703991579451,10.7498392714566,-0.04322401465608339,-464.9407983158902
2021/01/30,07:42:37.200,33.889640202,130.709297399,62.1358,1,20,66,2314.1677975794337,10.76929496082315,-0.042950714970078074,-462.83355951588675
2021/01/30,07:42:37.400,33.889640178,130.709297196,62.1353,1,20,66,2329.7609819915338,10.788102424941309,-0.04316447500139642,-465.95219639830674
2021/01/30,07:42:37.600,33.889640152,130.709296987,62.1335,1,20,63,2345.1285254453182,10.807503646389078,-0.04337093915717949,-469.02570508906365
2021/01/30,07:42:37.800,33.889640089,130.709296774,62.1356,1,20,66,2341.3645306659073,10.828333172633654,-0.043218223279305246,-468.27290613318144
2021/01/30,07:42:38.000,33.889640065,130.709296573,62.1421,1,20,63,2356.6786464716274,10.846962789235235,-0.04342592648369559,-471.3357292943255
2021/01/30,07:42:38.200,33.889640026,130.709296349,62.1395,1,20,66,2367.2240780417487,10.86807911186653,-0.04353535358193028,-473.44481560834976
2021/01/30,07:42:38.400,33.889639989,130.709296162,62.1402,1,20,68,2373.6636954465844,10.885836041091506,-0.04358251625832832,-474.7327390893169
2021/01/30,07:42:38.600,33.889639966,130.709295951,62.1358,1,20,66,2390.9079566493433,10.905329965447978,-0.04382035956237296,-478.18159132986864
2021/01/30,07:42:38.800,33.889639955,130.709295735,62.1331,1,20,63,2415.238168034353,10.92492434525191,-0.04418641298828341,-483.04763360687053
2021/01/30,07:42:39.000,33.889639891,130.709295541,62.1387,1,20,63,2408.2859271045754,10.944085759379794,-0.04398234588838612,-481.6571854209151
2021/01/30,07:42:39.200,33.889639822,130.709295335,62.1398,1,20,66,2400.3498156052005,10.964463005866907,-0.04375622790673139,-480.0699631210401
2021/01/30,07:42:39.400,33.889639816,130.709295135,62.1371,1,20,66,2425.1050957911975,10.9824848482146,-0.04413446217046069,-485.02101915823954
2021/01/30,07:42:39.600,33.889639765,130.709294943,62.1344,1,20,63,2424.7923630512933,11.001092446042447,-0.04405423393562202,-484.95847261025864
2021/01/30,07:42:39.800,33.889639697,130.709294726,62.1382,1,20,56,2418.9255095193075,11.022422262443841,-0.04386284532294793,-483.7851019038615
2021/01/30,07:42:40.000,33.889639661,130.709294518,62.1374,1,20,46,2428.832053376189,11.042024561539963,-0.043964165880509665,-485.7664106752378
2021/01/30,07:42:40.200,33.889639630,130.709294326,62.1389,1,20,48,2439.1639106114335,11.060054687389995,-0.04407905818676383,-487.83278212228674
2021/01/30,07:42:40.400,33.889639565,130.709294137,62.1414,1,20,51,2430.980898265779,11.078799024590646,-0.043857137777475685,-486.19617965315587
2021/01/30,07:42:40.600,33.889639507,130.709293918,62.1398,1,20,2,2430.715849825626,11.100018633750045,-0.0437686379225708,-486.1431699651252
2021/01/30,07:42:40.800,33.889639523,130.709293747,62.1422,1,20,-52,2463.127784425106,11.114817459590203,-0.04429252820878338,-492.6255568850211
2021/01/30,07:42:41.000,33.889639475,130.709293507,62.1415,1,20,-55,2471.1196182703816,11.137622401024778,-0.04434518431059109,-494.2239236540763
2021/01/30,07:42:41.200,33.889639481,130.709293312,62.1384,1,20,-52,2501.5651003767093,11.154854799628046,-0.04482155491296025,-500.31302007534185
2021/01/30,07:42:41.400,33.889639453,130.709293120,62.1411,1,20,-52,2513.4945548976084,11.172799671566871,-0.044962777409112586,-502.69891097952166
2021/01/30,07:42:41.600,33.889639493,130.709292904,62.1421,1,20,-52,2564.977077768933,11.190934314952196,-0.04580819878416742,-512.9954155537866
2021/01/30,07:42:41.800,33.889639416,130.709293004,62.1428,1,20,-55,2510.011774506839,11.184219412835668,-0.044854774678737996,-502.0023549013678
2021/01/30,07:42:42.000,33.889639481,130.709292956,62.1420,1,20,-55,2551.320793721688,11.186635884295368,-0.045582131918833646,-510.26415874433764
2021/01/30,07:42:42.200,33.889639439,130.709292956,62.1411,1,20,-52,2528.9631294149362,11.187842579556067,-0.045178366925310076,-505.79262588298724
2021/01/30,07:42:42.400,33.889639432,130.709292954,62.1417,1,20,-55,2525.516499116555,11.188222414464242,-0.045115348958265855,-505.10329982331103
2021/01/30,07:42:42.600,33.889639461,130.709292962,62.1438,1,20,-55,2539.835535916797,11.186674611979294,-0.04537706056714841,-507.9671071833595
2021/01/30,07:42:42.800,33.889639466,130.709292953,62.1465,1,20,-55,2543.7550735501627,11.187334475106923,-0.045444314357352855,-508.75101471003256
2021/01/30,07:42:43.000,33.889639458,130.709292963,62.1451,1,20,-55,2538.0987978532503,11.186671535050447,-0.04534608674767915,-507.6197595706501
2021/01/30,07:42:43.200,33.889639457,130.709292953,62.1463,1,20,-55,2538.964133727464,11.187593032417771,-0.0453577945775705,-507.79282674549273
2021/01/30,07:42:43.400,33.889639447,130.709292979,62.1411,1,20,-55,2530.0070747167074,11.185559305538098,-0.04520620434294731,-506.0014149433415
